/*!40101 SET @OLD_CHARACTER_SET_CLIENT=@@CHARACTER_SET_CLIENT */;
/*!40101 SET @OLD_CHARACTER_SET_RESULTS=@@CHARACTER_SET_RESULTS */;
/*!40101 SET @OLD_COLLATION_CONNECTION=@@COLLATION_CONNECTION */;
/*!40101 SET NAMES utf8mb4 */;
/*!40014 SET @OLD_UNIQUE_CHECKS=@@UNIQUE_CHECKS, UNIQUE_CHECKS=0 */;
/*!40014 SET @OLD_FOREIGN_KEY_CHECKS=@@FOREIGN_KEY_CHECKS, FOREIGN_KEY_CHECKS=0 */;
/*!40101 SET @OLD_SQL_MODE=@@SQL_MODE, SQL_MODE='NO_AUTO_VALUE_ON_ZERO' */;
/*!40111 SET @OLD_SQL_NOTES=@@SQL_NOTES, SQL_NOTES=0 */;

DROP TABLE IF EXISTS `users`;
CREATE TABLE `users` (
  `id` bigint(20) unsigned NOT NULL AUTO_INCREMENT,
  `first_name` varchar(255) COLLATE utf8mb4_unicode_ci NOT NULL,
  `last_name` varchar(255) COLLATE utf8mb4_unicode_ci NOT NULL,
  `email` varchar(255) COLLATE utf8mb4_unicode_ci NOT NULL,
  `password` varchar(255) COLLATE utf8mb4_unicode_ci NOT NULL,
  `profile_photo_path` longtext COLLATE utf8mb4_unicode_ci,
  `created_at` timestamp NULL DEFAULT NULL,
  `updated_at` timestamp NULL DEFAULT NULL,
  PRIMARY KEY (`id`),
  UNIQUE KEY `users_email_unique` (`email`)
) ENGINE=InnoDB AUTO_INCREMENT=52 DEFAULT CHARSET=utf8mb4 COLLATE=utf8mb4_unicode_ci;


DROP TABLE IF EXISTS `projects`;
CREATE TABLE `projects` (
  `id` bigint(20) unsigned NOT NULL AUTO_INCREMENT,
  `name` varchar(100) COLLATE utf8mb4_unicode_ci NOT NULL,
  `description` varchar(255) COLLATE utf8mb4_unicode_ci DEFAULT NULL,
  `start_date` timestamp NULL DEFAULT NULL,
  `end_date` timestamp NULL DEFAULT NULL,
  `created_at` timestamp NULL DEFAULT NULL,
  `updated_at` timestamp NULL DEFAULT NULL,
  PRIMARY KEY (`id`)
) ENGINE=InnoDB AUTO_INCREMENT=21 DEFAULT CHARSET=utf8mb4 COLLATE=utf8mb4_unicode_ci;


DROP TABLE IF EXISTS `tasks`;
CREATE TABLE `tasks` (
  `id` bigint(20) unsigned NOT NULL AUTO_INCREMENT,
  `name` varchar(255) COLLATE utf8mb4_unicode_ci NOT NULL,
  `description` varchar(255) COLLATE utf8mb4_unicode_ci DEFAULT NULL,
  `deadline` timestamp NULL DEFAULT NULL,
  `status` int(11) NOT NULL,
  `priority` int(11) NOT NULL,
  `project_id` bigint(20) unsigned NOT NULL,
  `created_at` timestamp NULL DEFAULT NULL,
  `updated_at` timestamp NULL DEFAULT NULL,
  PRIMARY KEY (`id`),
  KEY `tasks_project_id_foreign` (`project_id`),
  CONSTRAINT `tasks_project_id_foreign` FOREIGN KEY (`project_id`) REFERENCES `projects` (`id`) ON DELETE CASCADE
) ENGINE=InnoDB AUTO_INCREMENT=101 DEFAULT CHARSET=utf8mb4 COLLATE=utf8mb4_unicode_ci;

DROP TABLE IF EXISTS `user_project`;
CREATE TABLE `user_project` (
  `id` bigint(20) unsigned NOT NULL AUTO_INCREMENT,
  `user_id` bigint(20) unsigned NOT NULL,
  `project_id` bigint(20) unsigned NOT NULL,
  `is_admin` tinyint(1) NOT NULL DEFAULT '0',
  `created_at` timestamp NULL DEFAULT NULL,
  `updated_at` timestamp NULL DEFAULT NULL,
  PRIMARY KEY (`id`)
) ENGINE=InnoDB AUTO_INCREMENT=204 DEFAULT CHARSET=utf8mb4 COLLATE=utf8mb4_unicode_ci;

DROP TABLE IF EXISTS `user_task`;
CREATE TABLE `user_task` (
  `id` bigint(20) unsigned NOT NULL AUTO_INCREMENT,
  `user_id` bigint(20) unsigned NOT NULL,
  `task_id` bigint(20) unsigned NOT NULL,
  `created_at` timestamp NULL DEFAULT NULL,
  `updated_at` timestamp NULL DEFAULT NULL,
  PRIMARY KEY (`id`),
  KEY `user_task_user_id_foreign` (`user_id`),
  KEY `user_task_task_id_foreign` (`task_id`),
  CONSTRAINT `user_task_task_id_foreign` FOREIGN KEY (`task_id`) REFERENCES `tasks` (`id`) ON DELETE CASCADE,
  CONSTRAINT `user_task_user_id_foreign` FOREIGN KEY (`user_id`) REFERENCES `users` (`id`) ON DELETE CASCADE
) ENGINE=InnoDB AUTO_INCREMENT=201 DEFAULT CHARSET=utf8mb4 COLLATE=utf8mb4_unicode_ci;

DROP TABLE IF EXISTS `comments`;
CREATE TABLE `comments` (
  `id` bigint(20) unsigned NOT NULL AUTO_INCREMENT,
  `content` longtext COLLATE utf8mb4_unicode_ci NOT NULL,
  `user_id` bigint(20) unsigned NOT NULL,
  `task_id` bigint(20) unsigned NOT NULL,
  `created_at` timestamp NULL DEFAULT NULL,
  `updated_at` timestamp NULL DEFAULT NULL,
  PRIMARY KEY (`id`),
  KEY `comments_user_id_foreign` (`user_id`),
  KEY `comments_task_id_foreign` (`task_id`),
  CONSTRAINT `comments_task_id_foreign` FOREIGN KEY (`task_id`) REFERENCES `tasks` (`id`) ON DELETE CASCADE,
  CONSTRAINT `comments_user_id_foreign` FOREIGN KEY (`user_id`) REFERENCES `users` (`id`) ON DELETE CASCADE
) ENGINE=InnoDB AUTO_INCREMENT=201 DEFAULT CHARSET=utf8mb4 COLLATE=utf8mb4_unicode_ci;

DROP TABLE IF EXISTS `migrations`;
CREATE TABLE `migrations` (
  `id` int(10) unsigned NOT NULL AUTO_INCREMENT,
  `migration` varchar(255) COLLATE utf8mb4_unicode_ci NOT NULL,
  `batch` int(11) NOT NULL,
  PRIMARY KEY (`id`)
) ENGINE=InnoDB AUTO_INCREMENT=8 DEFAULT CHARSET=utf8mb4 COLLATE=utf8mb4_unicode_ci;

DROP TABLE IF EXISTS `personal_access_tokens`;
CREATE TABLE `personal_access_tokens` (
  `id` bigint(20) unsigned NOT NULL AUTO_INCREMENT,
  `tokenable_type` varchar(255) COLLATE utf8mb4_unicode_ci NOT NULL,
  `tokenable_id` bigint(20) unsigned NOT NULL,
  `name` varchar(255) COLLATE utf8mb4_unicode_ci NOT NULL,
  `token` varchar(64) COLLATE utf8mb4_unicode_ci NOT NULL,
  `abilities` text COLLATE utf8mb4_unicode_ci,
  `last_used_at` timestamp NULL DEFAULT NULL,
  `created_at` timestamp NULL DEFAULT NULL,
  `updated_at` timestamp NULL DEFAULT NULL,
  PRIMARY KEY (`id`),
  UNIQUE KEY `personal_access_tokens_token_unique` (`token`),
  KEY `personal_access_tokens_tokenable_type_tokenable_id_index` (`tokenable_type`,`tokenable_id`)
) ENGINE=InnoDB DEFAULT CHARSET=utf8mb4 COLLATE=utf8mb4_unicode_ci;

INSERT INTO `comments` (`id`, `content`, `user_id`, `task_id`, `created_at`, `updated_at`) VALUES
(1, 'Aut ducimus accusantium et natus ratione nam vitae a rerum illum nostrum.', 8, 79, '2024-01-21 14:45:11', '2024-01-21 14:45:11');
INSERT INTO `comments` (`id`, `content`, `user_id`, `task_id`, `created_at`, `updated_at`) VALUES
(2, 'Quisquam velit voluptatem esse vel nihil minus temporibus qui veritatis dolorum architecto.', 39, 96, '2024-01-21 14:45:11', '2024-01-21 14:45:11');
INSERT INTO `comments` (`id`, `content`, `user_id`, `task_id`, `created_at`, `updated_at`) VALUES
(3, 'Vitae sunt blanditiis voluptas et voluptates earum suscipit sint error at eum fugit.', 25, 21, '2024-01-21 14:45:11', '2024-01-21 14:45:11');
INSERT INTO `comments` (`id`, `content`, `user_id`, `task_id`, `created_at`, `updated_at`) VALUES
(4, 'Aut natus dolores est et laborum placeat.', 40, 21, '2024-01-21 14:45:11', '2024-01-21 14:45:11'),
(5, 'Expedita tempore enim consequatur provident nihil error praesentium necessitatibus esse ea quis qui quis.', 32, 25, '2024-01-21 14:45:11', '2024-01-21 14:45:11'),
(6, 'Sint voluptatem porro ab similique cum tempora quam incidunt quia.', 10, 54, '2024-01-21 14:45:11', '2024-01-21 14:45:11'),
(7, 'Consequatur doloremque esse sit eaque quasi animi amet esse illo itaque.', 25, 32, '2024-01-21 14:45:11', '2024-01-21 14:45:11'),
(8, 'Omnis ut corrupti corporis cum et consequatur veritatis.', 46, 77, '2024-01-21 14:45:11', '2024-01-21 14:45:11'),
(9, 'Corporis saepe qui veritatis ea et non nesciunt ut et incidunt.', 30, 42, '2024-01-21 14:45:11', '2024-01-21 14:45:11'),
(10, 'Et temporibus doloribus rerum ab ad autem alias sit ea aut vel.', 37, 71, '2024-01-21 14:45:11', '2024-01-21 14:45:11'),
(11, 'Voluptates consequatur deserunt aspernatur amet culpa praesentium et maiores consequatur labore.', 48, 33, '2024-01-21 14:45:11', '2024-01-21 14:45:11'),
(12, 'Quis sequi magni et voluptatem incidunt suscipit tempora id necessitatibus et molestias nobis officia.', 34, 50, '2024-01-21 14:45:11', '2024-01-21 14:45:11'),
(13, 'Molestiae ad dignissimos placeat dolor aspernatur est suscipit officia dicta et temporibus dolorum sit.', 37, 71, '2024-01-21 14:45:11', '2024-01-21 14:45:11'),
(14, 'Pariatur cumque magnam aut harum dolore quas est necessitatibus est.', 15, 24, '2024-01-21 14:45:11', '2024-01-21 14:45:11'),
(15, 'Consequuntur blanditiis asperiores expedita deleniti aspernatur quo.', 50, 34, '2024-01-21 14:45:11', '2024-01-21 14:45:11'),
(16, 'Accusantium doloremque odit facere dolore odio cumque ea itaque et non iste omnis consequuntur.', 40, 16, '2024-01-21 14:45:11', '2024-01-21 14:45:11'),
(17, 'Laboriosam molestiae quis necessitatibus eos eveniet placeat laudantium ut.', 37, 77, '2024-01-21 14:45:11', '2024-01-21 14:45:11'),
(18, 'Voluptatem quam ab vel voluptates assumenda possimus consequuntur distinctio optio molestiae id in cupiditate.', 43, 50, '2024-01-21 14:45:11', '2024-01-21 14:45:11'),
(19, 'Cum sit necessitatibus ea deleniti soluta molestiae laborum voluptatem id.', 2, 23, '2024-01-21 14:45:11', '2024-01-21 14:45:11'),
(20, 'Et quia et itaque laborum incidunt inventore debitis aut rerum consectetur perspiciatis repudiandae.', 32, 83, '2024-01-21 14:45:11', '2024-01-21 14:45:11'),
(21, 'Quidem dolorem sequi sit ipsum maxime quia.', 2, 64, '2024-01-21 14:45:11', '2024-01-21 14:45:11'),
(22, 'Molestiae incidunt voluptatum ipsam fuga delectus libero.', 5, 79, '2024-01-21 14:45:11', '2024-01-21 14:45:11'),
(23, 'Nihil id consequuntur modi id repudiandae consectetur id assumenda nihil consequatur voluptas.', 8, 30, '2024-01-21 14:45:11', '2024-01-21 14:45:11'),
(24, 'Cumque nobis beatae perspiciatis assumenda dolores eaque nam voluptas aspernatur modi sit iste.', 36, 71, '2024-01-21 14:45:11', '2024-01-21 14:45:11'),
(25, 'Fugit perspiciatis deserunt dolores ullam nobis error animi quaerat voluptate accusamus ratione laudantium.', 21, 89, '2024-01-21 14:45:11', '2024-01-21 14:45:11'),
(26, 'Laudantium dolor in similique deserunt placeat et voluptatem tempore voluptas nesciunt ducimus.', 43, 63, '2024-01-21 14:45:11', '2024-01-21 14:45:11'),
(27, 'Repellendus quidem numquam magni nisi et exercitationem aut expedita.', 51, 90, '2024-01-21 14:45:11', '2024-01-21 14:45:11'),
(28, 'Qui voluptas nam vero tempora molestias ut aut necessitatibus porro neque suscipit perferendis exercitationem.', 23, 24, '2024-01-21 14:45:11', '2024-01-21 14:45:11'),
(29, 'Exercitationem cumque quae dolorum rerum beatae soluta laudantium.', 46, 34, '2024-01-21 14:45:11', '2024-01-21 14:45:11'),
(30, 'Consectetur et aut sed libero quia eveniet eum maxime fuga.', 13, 13, '2024-01-21 14:45:11', '2024-01-21 14:45:11'),
(31, 'Harum eum saepe tempore natus ab ut sequi error quis.', 29, 91, '2024-01-21 14:45:11', '2024-01-21 14:45:11'),
(32, 'Reprehenderit nihil nostrum sapiente omnis hic est optio at doloribus harum.', 17, 56, '2024-01-21 14:45:11', '2024-01-21 14:45:11'),
(33, 'Inventore est enim debitis consequuntur illo vero.', 24, 54, '2024-01-21 14:45:11', '2024-01-21 14:45:11'),
(34, 'Et aspernatur voluptatem exercitationem et sapiente sed fugit voluptates dicta ea saepe.', 22, 49, '2024-01-21 14:45:11', '2024-01-21 14:45:11'),
(35, 'Dolores non vitae et necessitatibus sed esse est error dolores culpa laudantium velit est.', 40, 67, '2024-01-21 14:45:11', '2024-01-21 14:45:11'),
(36, 'Dolore iure ut ut sunt dignissimos soluta.', 31, 52, '2024-01-21 14:45:11', '2024-01-21 14:45:11'),
(37, 'Iure unde similique facere adipisci odio saepe molestiae ut cum voluptas.', 39, 86, '2024-01-21 14:45:11', '2024-01-21 14:45:11'),
(38, 'Quae incidunt sed sapiente sed reprehenderit velit culpa alias quia error est eaque.', 16, 29, '2024-01-21 14:45:11', '2024-01-21 14:45:11'),
(39, 'Ut cumque nesciunt iusto voluptatem sit distinctio aut.', 22, 13, '2024-01-21 14:45:11', '2024-01-21 14:45:11'),
(40, 'Beatae ut id numquam asperiores fugiat deserunt enim.', 16, 28, '2024-01-21 14:45:11', '2024-01-21 14:45:11'),
(41, 'Rerum rerum possimus libero fugit tenetur rerum.', 43, 54, '2024-01-21 14:45:11', '2024-01-21 14:45:11'),
(42, 'Quos earum nisi quae ab est ut sed fuga.', 37, 71, '2024-01-21 14:45:11', '2024-01-21 14:45:11'),
(43, 'Aut dignissimos dolor et repudiandae aspernatur voluptatem voluptatem veritatis consectetur magnam excepturi.', 34, 88, '2024-01-21 14:45:11', '2024-01-21 14:45:11'),
(44, 'Nihil sint reprehenderit vel itaque et quia eaque tenetur magnam consequatur sed.', 31, 90, '2024-01-21 14:45:11', '2024-01-21 14:45:11'),
(45, 'Qui quos vitae quis quidem earum enim omnis pariatur sed recusandae est reiciendis enim.', 20, 65, '2024-01-21 14:45:11', '2024-01-21 14:45:11'),
(46, 'Optio et nihil officiis eius omnis iste numquam eaque et qui nihil quidem.', 39, 96, '2024-01-21 14:45:11', '2024-01-21 14:45:11'),
(47, 'Iusto inventore ipsum corrupti est quod et voluptatibus accusantium libero et quaerat.', 35, 16, '2024-01-21 14:45:11', '2024-01-21 14:45:11'),
(48, 'Dignissimos quod rerum numquam non vero tenetur totam doloribus amet quia sapiente.', 15, 24, '2024-01-21 14:45:11', '2024-01-21 14:45:11'),
(49, 'Quo accusamus voluptas velit ea ipsum laborum voluptate cumque iusto ipsa suscipit unde.', 10, 54, '2024-01-21 14:45:11', '2024-01-21 14:45:11'),
(50, 'Quas laudantium a exercitationem dolores sapiente molestiae.', 49, 91, '2024-01-21 14:45:11', '2024-01-21 14:45:11'),
(51, 'Impedit vel quos omnis non ut omnis culpa doloribus reprehenderit.', 14, 32, '2024-01-21 14:45:11', '2024-01-21 14:45:11'),
(52, 'Veritatis voluptate vel provident nesciunt alias iste et commodi et.', 25, 53, '2024-01-21 14:45:11', '2024-01-21 14:45:11'),
(53, 'Veritatis laborum at sit vel facere omnis quae reprehenderit iusto quia deleniti dicta.', 18, 75, '2024-01-21 14:45:11', '2024-01-21 14:45:11'),
(54, 'Eos porro cumque et quo unde molestias et odit consectetur officiis omnis asperiores.', 29, 40, '2024-01-21 14:45:11', '2024-01-21 14:45:11'),
(55, 'Quia ad eius at vel voluptas non.', 33, 99, '2024-01-21 14:45:11', '2024-01-21 14:45:11'),
(56, 'Aspernatur laborum vero autem libero asperiores sit neque ipsum ullam magnam vel mollitia velit.', 48, 67, '2024-01-21 14:45:11', '2024-01-21 14:45:11'),
(57, 'Optio voluptatem voluptates pariatur quisquam ut ea quis saepe quis asperiores et iure itaque.', 25, 47, '2024-01-21 14:45:11', '2024-01-21 14:45:11'),
(58, 'Deleniti accusantium dolorem doloremque natus ut voluptatibus sapiente.', 17, 96, '2024-01-21 14:45:11', '2024-01-21 14:45:11'),
(59, 'Velit eos minima sed sint sapiente ducimus distinctio.', 31, 85, '2024-01-21 14:45:11', '2024-01-21 14:45:11'),
(60, 'Vel cupiditate ut accusantium sed aut sint consequatur qui et.', 37, 77, '2024-01-21 14:45:11', '2024-01-21 14:45:11'),
(61, 'Et sit odit aut est rerum ab unde magnam id et.', 4, 84, '2024-01-21 14:45:11', '2024-01-21 14:45:11'),
(62, 'Est facere voluptate et architecto omnis voluptas suscipit.', 16, 78, '2024-01-21 14:45:11', '2024-01-21 14:45:11'),
(63, 'Aut velit et sit ullam rem iure perspiciatis.', 26, 41, '2024-01-21 14:45:11', '2024-01-21 14:45:11'),
(64, 'Quis error sunt aperiam et aspernatur ipsum corrupti qui enim aspernatur accusamus nostrum qui.', 26, 65, '2024-01-21 14:45:11', '2024-01-21 14:45:11'),
(65, 'Non sed velit vitae occaecati libero officiis molestiae aut aspernatur.', 11, 76, '2024-01-21 14:45:11', '2024-01-21 14:45:11'),
(66, 'Sed dignissimos dignissimos perferendis eum id labore placeat vel.', 3, 30, '2024-01-21 14:45:11', '2024-01-21 14:45:11'),
(67, 'Dolor doloremque consectetur nihil molestiae in vero facere modi ut molestiae.', 46, 81, '2024-01-21 14:45:11', '2024-01-21 14:45:11'),
(68, 'Aut quia tempore iure numquam aut quis non sunt quisquam sapiente qui sapiente repellat.', 12, 53, '2024-01-21 14:45:11', '2024-01-21 14:45:11'),
(69, 'Ipsum iste totam assumenda doloribus nobis error illum illum corrupti est.', 15, 50, '2024-01-21 14:45:11', '2024-01-21 14:45:11'),
(70, 'Suscipit est tempora minus expedita vel quia voluptas et quia et.', 49, 54, '2024-01-21 14:45:11', '2024-01-21 14:45:11'),
(71, 'Non et non qui quis natus consequatur ipsam quod velit sequi quo.', 49, 55, '2024-01-21 14:45:11', '2024-01-21 14:45:11'),
(72, 'Sit amet dolor labore omnis a ad.', 24, 54, '2024-01-21 14:45:11', '2024-01-21 14:45:11'),
(73, 'Assumenda dicta occaecati quia nulla sed voluptas ratione aliquam molestias deleniti sed distinctio.', 51, 15, '2024-01-21 14:45:11', '2024-01-21 14:45:11'),
(74, 'Magnam quia odit cupiditate laudantium quidem itaque quibusdam eligendi.', 39, 96, '2024-01-21 14:45:11', '2024-01-21 14:45:11'),
(75, 'Dolore et odit modi similique blanditiis molestiae aut.', 31, 85, '2024-01-21 14:45:11', '2024-01-21 14:45:11'),
(76, 'Tempore ea qui occaecati velit autem at est tempore hic et est eos et.', 3, 35, '2024-01-21 14:45:11', '2024-01-21 14:45:11'),
(77, 'Distinctio omnis mollitia omnis quod rem nihil porro est qui tenetur sed atque temporibus.', 20, 19, '2024-01-21 14:45:11', '2024-01-21 14:45:11'),
(78, 'Ea sequi ut nostrum molestias incidunt qui tempore cumque ea.', 38, 24, '2024-01-21 14:45:11', '2024-01-21 14:45:11'),
(79, 'Fugit quia sequi eum maxime beatae tempore quisquam iusto non aut.', 20, 2, '2024-01-21 14:45:11', '2024-01-21 14:45:11'),
(80, 'Qui quas quis ratione eveniet harum voluptatem facilis aut molestiae voluptas saepe doloribus ut.', 37, 71, '2024-01-21 14:45:11', '2024-01-21 14:45:11'),
(81, 'Laudantium saepe hic dolor sit aliquid voluptate.', 27, 95, '2024-01-21 14:45:11', '2024-01-21 14:45:11'),
(82, 'Libero pariatur in amet nostrum quam harum iste iure voluptas iure vel accusamus.', 48, 20, '2024-01-21 14:45:11', '2024-01-21 14:45:11'),
(83, 'Sed temporibus in similique et recusandae iure nesciunt qui ad nulla facere repudiandae tenetur.', 6, 20, '2024-01-21 14:45:11', '2024-01-21 14:45:11'),
(84, 'Ratione facilis quos autem enim provident amet ea.', 40, 93, '2024-01-21 14:45:11', '2024-01-21 14:45:11'),
(85, 'Sapiente est expedita sunt totam fugit animi et animi magni quis dolores.', 51, 90, '2024-01-21 14:45:11', '2024-01-21 14:45:11'),
(86, 'Fugiat dignissimos tempora a labore reprehenderit qui.', 31, 90, '2024-01-21 14:45:11', '2024-01-21 14:45:11'),
(87, 'Omnis vitae velit aliquam quia optio minus.', 25, 2, '2024-01-21 14:45:11', '2024-01-21 14:45:11'),
(88, 'Accusantium sunt quis alias enim doloribus est.', 45, 96, '2024-01-21 14:45:11', '2024-01-21 14:45:11'),
(89, 'Officiis aut autem officiis sint natus incidunt.', 38, 1, '2024-01-21 14:45:11', '2024-01-21 14:45:11'),
(90, 'Tenetur laboriosam non atque explicabo saepe quos nisi debitis doloremque.', 18, 56, '2024-01-21 14:45:11', '2024-01-21 14:45:11'),
(91, 'Totam blanditiis eum nesciunt magni expedita fugiat atque harum praesentium aperiam.', 30, 42, '2024-01-21 14:45:11', '2024-01-21 14:45:11'),
(92, 'Fuga aut error doloribus ut nemo eveniet et ea optio et aspernatur vitae maxime.', 51, 90, '2024-01-21 14:45:11', '2024-01-21 14:45:11'),
(93, 'Sed at in rem quia aliquid ut libero at.', 16, 48, '2024-01-21 14:45:11', '2024-01-21 14:45:11'),
(94, 'Asperiores eos reprehenderit reprehenderit unde ut asperiores ut.', 28, 30, '2024-01-21 14:45:11', '2024-01-21 14:45:11'),
(95, 'Ex qui error molestias veniam nam facilis adipisci.', 39, 83, '2024-01-21 14:45:11', '2024-01-21 14:45:11'),
(96, 'Inventore est dolores nobis fuga sint rerum deserunt quibusdam.', 21, 89, '2024-01-21 14:45:11', '2024-01-21 14:45:11'),
(97, 'Aliquam quo voluptates minus et quod illum et qui sit corrupti minima sit doloremque.', 19, 4, '2024-01-21 14:45:11', '2024-01-21 14:45:11'),
(98, 'Enim dicta nulla animi sint aliquam molestias illo ut.', 22, 49, '2024-01-21 14:45:11', '2024-01-21 14:45:11'),
(99, 'Iste facilis tempore deleniti voluptatem quo tempora blanditiis atque laborum repudiandae.', 48, 1, '2024-01-21 14:45:11', '2024-01-21 14:45:11'),
(100, 'Eaque reiciendis rerum sed ab atque et et molestiae voluptas.', 40, 98, '2024-01-21 14:45:11', '2024-01-21 14:45:11'),
(101, 'Perferendis non aliquid nemo illum earum ea consequatur molestiae sed dolorem.', 50, 34, '2024-01-21 14:45:11', '2024-01-21 14:45:11'),
(102, 'Dignissimos assumenda ut quia voluptas qui et totam aut.', 17, 33, '2024-01-21 14:45:11', '2024-01-21 14:45:11'),
(103, 'Odit voluptas harum quaerat et quasi itaque dolorem labore omnis eligendi ipsam fugit.', 31, 90, '2024-01-21 14:45:11', '2024-01-21 14:45:11'),
(104, 'Sed dolor consequatur cumque sed officiis minima laboriosam tempora blanditiis ullam eveniet quasi et.', 31, 52, '2024-01-21 14:45:11', '2024-01-21 14:45:11'),
(105, 'Earum vero debitis qui quas id voluptatem ipsa sint modi.', 15, 20, '2024-01-21 14:45:11', '2024-01-21 14:45:11'),
(106, 'Neque dolore nihil quidem molestiae accusamus culpa dolore assumenda fugit mollitia aut.', 31, 68, '2024-01-21 14:45:11', '2024-01-21 14:45:11'),
(107, 'Dolor sit fugit sed quia quo et est cum id et enim.', 45, 96, '2024-01-21 14:45:11', '2024-01-21 14:45:11'),
(108, 'Iusto eveniet et earum impedit facilis vel reiciendis molestiae.', 20, 52, '2024-01-21 14:45:11', '2024-01-21 14:45:11'),
(109, 'Provident exercitationem qui reiciendis assumenda alias dicta recusandae quo quo aut qui atque qui.', 7, 60, '2024-01-21 14:45:11', '2024-01-21 14:45:11'),
(110, 'Minima autem laborum qui mollitia reprehenderit eaque alias eos nesciunt.', 15, 3, '2024-01-21 14:45:11', '2024-01-21 14:45:11'),
(111, 'Nulla ad quod similique vitae officia sit.', 34, 50, '2024-01-21 14:45:11', '2024-01-21 14:45:11'),
(112, 'Nulla deleniti quis eos voluptatem explicabo voluptatum consectetur necessitatibus itaque quae laboriosam voluptates magnam.', 45, 53, '2024-01-21 14:45:11', '2024-01-21 14:45:11'),
(113, 'Voluptas delectus perspiciatis ut nisi non qui nihil sit.', 17, 42, '2024-01-21 14:45:11', '2024-01-21 14:45:11'),
(114, 'Velit reprehenderit ullam ipsam voluptatem voluptatibus aspernatur.', 34, 12, '2024-01-21 14:45:11', '2024-01-21 14:45:11'),
(115, 'Vel veritatis ut voluptatem illum laboriosam et nisi qui voluptatem quod totam.', 48, 1, '2024-01-21 14:45:11', '2024-01-21 14:45:11'),
(116, 'Ipsum nesciunt sit magni officiis nemo et autem est illum aut.', 34, 88, '2024-01-21 14:45:11', '2024-01-21 14:45:11'),
(117, 'Sed natus a sunt eum porro dolorum quis expedita non ad doloremque ullam excepturi.', 50, 34, '2024-01-21 14:45:11', '2024-01-21 14:45:11'),
(118, 'Quam qui quasi pariatur accusantium delectus aut placeat natus mollitia consequuntur.', 18, 83, '2024-01-21 14:45:11', '2024-01-21 14:45:11'),
(119, 'Autem dicta saepe quaerat natus nam facilis eum excepturi ut debitis et.', 44, 71, '2024-01-21 14:45:11', '2024-01-21 14:45:11'),
(120, 'Est voluptatum eum neque omnis incidunt cumque.', 28, 79, '2024-01-21 14:45:11', '2024-01-21 14:45:11'),
(121, 'Ipsa excepturi eum pariatur minima expedita minima dolores quo iure blanditiis vero.', 13, 13, '2024-01-21 14:45:11', '2024-01-21 14:45:11'),
(122, 'Omnis qui dolor corporis iusto aut voluptatem non.', 16, 48, '2024-01-21 14:45:11', '2024-01-21 14:45:11'),
(123, 'Itaque amet laboriosam ipsam eveniet et cum occaecati quisquam vitae non.', 48, 33, '2024-01-21 14:45:11', '2024-01-21 14:45:11'),
(124, 'Quis consequatur adipisci quam qui doloribus quis.', 35, 38, '2024-01-21 14:45:11', '2024-01-21 14:45:11'),
(125, 'Totam quod sapiente nobis voluptatem aspernatur placeat.', 17, 55, '2024-01-21 14:45:11', '2024-01-21 14:45:11'),
(126, 'Aut odit culpa voluptatibus rerum officia amet id soluta sit et voluptates.', 18, 83, '2024-01-21 14:45:11', '2024-01-21 14:45:11'),
(127, 'Accusamus tempora est enim ut officiis eligendi sapiente quibusdam amet sed.', 50, 34, '2024-01-21 14:45:11', '2024-01-21 14:45:11'),
(128, 'Quibusdam dolores molestiae nihil nemo modi aut alias iure qui.', 8, 30, '2024-01-21 14:45:11', '2024-01-21 14:45:11'),
(129, 'Delectus rerum ut est necessitatibus velit dolores dolor.', 20, 2, '2024-01-21 14:45:11', '2024-01-21 14:45:11'),
(130, 'Saepe nulla alias expedita maiores consequatur nisi voluptatibus quia.', 24, 38, '2024-01-21 14:45:11', '2024-01-21 14:45:11'),
(131, 'Ut voluptatem repudiandae quidem praesentium cum magnam unde.', 2, 23, '2024-01-21 14:45:11', '2024-01-21 14:45:11'),
(132, 'Et temporibus placeat dignissimos at voluptate itaque.', 39, 86, '2024-01-21 14:45:11', '2024-01-21 14:45:11'),
(133, 'Id dolor suscipit ut corrupti necessitatibus porro.', 22, 42, '2024-01-21 14:45:11', '2024-01-21 14:45:11'),
(134, 'Nihil aspernatur ut vel voluptatem deleniti ea sed impedit earum.', 17, 55, '2024-01-21 14:45:11', '2024-01-21 14:45:11'),
(135, 'Necessitatibus eos quibusdam est et aut culpa vero ut quo.', 42, 22, '2024-01-21 14:45:11', '2024-01-21 14:45:11'),
(136, 'Qui ut ipsam perspiciatis adipisci aperiam harum modi fugit eum expedita.', 2, 23, '2024-01-21 14:45:11', '2024-01-21 14:45:11'),
(137, 'Molestiae omnis voluptates perferendis quis iste cum omnis rem impedit esse.', 40, 63, '2024-01-21 14:45:11', '2024-01-21 14:45:11'),
(138, 'Deleniti exercitationem illo dolorem illum voluptatem temporibus aut dolor eos et.', 43, 54, '2024-01-21 14:45:11', '2024-01-21 14:45:11'),
(139, 'In non rerum sed cum voluptatem reprehenderit provident natus.', 13, 11, '2024-01-21 14:45:11', '2024-01-21 14:45:11'),
(140, 'Nemo totam cupiditate iste ullam quia recusandae quae.', 15, 20, '2024-01-21 14:45:11', '2024-01-21 14:45:11'),
(141, 'Quia aspernatur commodi vel et distinctio unde repellendus natus doloremque fugiat ex sapiente.', 41, 22, '2024-01-21 14:45:11', '2024-01-21 14:45:11'),
(142, 'Quos dignissimos unde necessitatibus aliquid ab at odit consequatur.', 17, 55, '2024-01-21 14:45:11', '2024-01-21 14:45:11'),
(143, 'Et et maxime autem totam voluptatem magnam.', 43, 48, '2024-01-21 14:45:11', '2024-01-21 14:45:11'),
(144, 'Nihil consectetur sapiente cumque quae dolorum quibusdam ut.', 5, 99, '2024-01-21 14:45:11', '2024-01-21 14:45:11'),
(145, 'Sapiente beatae dolorem iure earum at voluptatem culpa qui.', 24, 75, '2024-01-21 14:45:11', '2024-01-21 14:45:11'),
(146, 'Consequuntur est enim cupiditate iure quae saepe.', 39, 96, '2024-01-21 14:45:11', '2024-01-21 14:45:11'),
(147, 'Enim nostrum cupiditate odit et consequatur non totam occaecati hic.', 5, 79, '2024-01-21 14:45:11', '2024-01-21 14:45:11'),
(148, 'Facere facere aliquam aut architecto amet unde cum ipsam ea consequatur ipsum et explicabo.', 48, 1, '2024-01-21 14:45:11', '2024-01-21 14:45:11'),
(149, 'Alias et enim voluptate est molestiae quo in est tenetur.', 32, 25, '2024-01-21 14:45:11', '2024-01-21 14:45:11'),
(150, 'Eos accusamus cupiditate ut sit molestiae totam a aut.', 27, 13, '2024-01-21 14:45:11', '2024-01-21 14:45:11'),
(151, 'Possimus doloremque neque repellendus et doloribus quae molestias quibusdam sed ullam omnis.', 6, 73, '2024-01-21 14:45:11', '2024-01-21 14:45:11'),
(152, 'Modi dicta porro omnis autem quas nam vel beatae.', 46, 99, '2024-01-21 14:45:11', '2024-01-21 14:45:11'),
(153, 'Omnis sed dolor excepturi sunt sit aut neque cum expedita vel laborum.', 5, 79, '2024-01-21 14:45:11', '2024-01-21 14:45:11'),
(154, 'Explicabo nostrum est laboriosam labore aliquid veniam doloribus.', 11, 76, '2024-01-21 14:45:11', '2024-01-21 14:45:11'),
(155, 'Velit unde maxime fugit provident impedit sunt a iure at et ipsam.', 38, 66, '2024-01-21 14:45:11', '2024-01-21 14:45:11'),
(156, 'Voluptatem sint rerum libero dolorem aut error ea ipsam laudantium deserunt omnis iusto fuga.', 51, 16, '2024-01-21 14:45:11', '2024-01-21 14:45:11'),
(157, 'Ratione laborum earum saepe laboriosam natus esse odio nostrum libero.', 50, 83, '2024-01-21 14:45:11', '2024-01-21 14:45:11'),
(158, 'Ipsa est quidem consequuntur reprehenderit maiores voluptate non.', 51, 58, '2024-01-21 14:45:11', '2024-01-21 14:45:11'),
(159, 'Est facilis laboriosam rerum aperiam ad quas error.', 27, 42, '2024-01-21 14:45:11', '2024-01-21 14:45:11'),
(160, 'Numquam quia maiores recusandae nihil alias aut.', 7, 60, '2024-01-21 14:45:11', '2024-01-21 14:45:11'),
(161, 'Dolore expedita molestiae dolorem inventore deserunt autem consequatur nulla.', 49, 54, '2024-01-21 14:45:11', '2024-01-21 14:45:11'),
(162, 'Et et qui tempore et reprehenderit non et.', 29, 80, '2024-01-21 14:45:11', '2024-01-21 14:45:11'),
(163, 'Officiis alias tempore eligendi excepturi rerum earum iure et sunt voluptate.', 50, 8, '2024-01-21 14:45:11', '2024-01-21 14:45:11'),
(164, 'Possimus voluptatem aspernatur eum ut pariatur tempore occaecati.', 35, 23, '2024-01-21 14:45:11', '2024-01-21 14:45:11'),
(165, 'Laudantium mollitia pariatur quia provident enim placeat et.', 22, 21, '2024-01-21 14:45:11', '2024-01-21 14:45:11'),
(166, 'Totam quo nihil dolor numquam aliquam voluptas non provident.', 43, 63, '2024-01-21 14:45:11', '2024-01-21 14:45:11'),
(167, 'Odit consequatur doloremque sapiente vero exercitationem necessitatibus a unde.', 16, 4, '2024-01-21 14:45:11', '2024-01-21 14:45:11'),
(168, 'Perferendis sunt commodi magnam molestias deserunt quaerat.', 51, 16, '2024-01-21 14:45:11', '2024-01-21 14:45:11'),
(169, 'Officia expedita voluptatum cum culpa sint quasi nostrum laboriosam.', 3, 30, '2024-01-21 14:45:11', '2024-01-21 14:45:11'),
(170, 'Officiis recusandae rerum magni autem sint voluptatem sit quia quia quo tempora velit architecto.', 5, 99, '2024-01-21 14:45:11', '2024-01-21 14:45:11'),
(171, 'Eaque qui labore esse sed vel nobis fugiat natus nisi neque minus perspiciatis.', 24, 54, '2024-01-21 14:45:11', '2024-01-21 14:45:11'),
(172, 'Illum optio eveniet excepturi quia minus est debitis atque ad vel ut rem qui.', 33, 18, '2024-01-21 14:45:11', '2024-01-21 14:45:11'),
(173, 'Inventore vel tempore consectetur vel magnam nemo harum dignissimos et tempore sunt velit.', 34, 18, '2024-01-21 14:45:11', '2024-01-21 14:45:11'),
(174, 'Velit a repellat in dolor cum earum voluptatem dolores dignissimos quo consequatur ea ipsam.', 35, 38, '2024-01-21 14:45:11', '2024-01-21 14:45:11'),
(175, 'Fugiat recusandae suscipit id ratione porro possimus nulla rerum temporibus consectetur.', 38, 1, '2024-01-21 14:45:11', '2024-01-21 14:45:11'),
(176, 'Praesentium sit dignissimos itaque fugit nisi sed molestiae aut magni qui.', 22, 49, '2024-01-21 14:45:11', '2024-01-21 14:45:11'),
(177, 'Dolorum ducimus possimus vel commodi nemo nobis ut.', 38, 85, '2024-01-21 14:45:11', '2024-01-21 14:45:11'),
(178, 'Ea mollitia aut tempore minus qui aliquam pariatur a deserunt nesciunt quia velit.', 49, 66, '2024-01-21 14:45:11', '2024-01-21 14:45:11'),
(179, 'Voluptates ducimus expedita delectus nulla voluptatibus molestias molestiae omnis nihil architecto maxime.', 29, 40, '2024-01-21 14:45:11', '2024-01-21 14:45:11'),
(180, 'Ea necessitatibus temporibus eos quod et libero eum vero quia soluta.', 1, 32, '2024-01-21 14:45:11', '2024-01-21 14:45:11'),
(181, 'Non aut deleniti molestiae corporis explicabo ullam voluptas non explicabo occaecati et voluptatem.', 49, 91, '2024-01-21 14:45:11', '2024-01-21 14:45:11'),
(182, 'Sunt error quisquam consequatur tempore laboriosam deleniti recusandae non dicta saepe rerum.', 43, 54, '2024-01-21 14:45:11', '2024-01-21 14:45:11'),
(183, 'Qui velit dolor eveniet cumque ut qui est.', 44, 71, '2024-01-21 14:45:11', '2024-01-21 14:45:11'),
(184, 'Aperiam consequatur et eligendi voluptas temporibus omnis consectetur recusandae in eius.', 22, 42, '2024-01-21 14:45:11', '2024-01-21 14:45:11'),
(185, 'Eveniet corporis quia voluptate voluptate odit consectetur voluptatem suscipit sint.', 9, 95, '2024-01-21 14:45:11', '2024-01-21 14:45:11'),
(186, 'Laboriosam similique sit dolorem ipsam minima quia cum dolorem qui a rerum voluptas velit.', 11, 95, '2024-01-21 14:45:11', '2024-01-21 14:45:11'),
(187, 'Qui tempora quibusdam aspernatur odit fugiat qui quisquam laudantium magnam.', 36, 39, '2024-01-21 14:45:11', '2024-01-21 14:45:11'),
(188, 'Est aut optio voluptatem aut repellendus eum porro eveniet aliquam nam.', 15, 20, '2024-01-21 14:45:11', '2024-01-21 14:45:11'),
(189, 'Temporibus ipsum in voluptas vitae ullam non eos omnis facilis vitae.', 25, 47, '2024-01-21 14:45:11', '2024-01-21 14:45:11'),
(190, 'Officiis rerum eum fuga omnis eos architecto rerum sint perferendis ad ut fugiat cum.', 19, 4, '2024-01-21 14:45:11', '2024-01-21 14:45:11'),
(191, 'Iure quis qui dolorem iste voluptatem rerum et sint optio.', 35, 38, '2024-01-21 14:45:11', '2024-01-21 14:45:11'),
(192, 'Aut nulla in eius in maiores fugit eius incidunt quos quidem.', 12, 53, '2024-01-21 14:45:11', '2024-01-21 14:45:11'),
(193, 'Numquam soluta provident minus non magni cupiditate est soluta est repudiandae.', 44, 8, '2024-01-21 14:45:11', '2024-01-21 14:45:11'),
(194, 'Placeat molestias nostrum et praesentium excepturi officia eaque exercitationem nihil sint totam sequi ea.', 25, 32, '2024-01-21 14:45:11', '2024-01-21 14:45:11'),
(195, 'Vero deleniti iure qui aspernatur dolorem temporibus corrupti quis voluptatem suscipit omnis repellat.', 40, 93, '2024-01-21 14:45:11', '2024-01-21 14:45:11'),
(196, 'Nulla nulla perferendis perferendis quia officiis explicabo dolorem ut reprehenderit eligendi quod.', 49, 54, '2024-01-21 14:45:11', '2024-01-21 14:45:11'),
(197, 'Autem sit aut provident sed sunt sint omnis aliquam earum.', 28, 30, '2024-01-21 14:45:11', '2024-01-21 14:45:11'),
(198, 'Dolores labore ipsa est enim et et.', 17, 5, '2024-01-21 14:45:11', '2024-01-21 14:45:11'),
(199, 'Rerum sint dolor amet modi aut possimus quo eligendi architecto ipsum molestias quia voluptatibus.', 25, 53, '2024-01-21 14:45:11', '2024-01-21 14:45:11'),
(200, 'Ea dolor sint architecto enim labore aut blanditiis reprehenderit ut laborum vel exercitationem.', 40, 63, '2024-01-21 14:45:11', '2024-01-21 14:45:11');

INSERT INTO `migrations` (`id`, `migration`, `batch`) VALUES
(1, '2019_12_14_000001_create_personal_access_tokens_table', 1);
INSERT INTO `migrations` (`id`, `migration`, `batch`) VALUES
(2, '2023_12_26_213315_create_users_table', 1);
INSERT INTO `migrations` (`id`, `migration`, `batch`) VALUES
(3, '2023_12_28_171444_create_projects_table', 1);
INSERT INTO `migrations` (`id`, `migration`, `batch`) VALUES
(4, '2023_12_29_132320_create_tasks_table', 1),
(5, '2024_01_01_142834_create_comments_table', 1),
(6, '2024_01_01_144934_create_user_task_table', 1),
(7, '2024_01_01_150259_create_user_project_table', 1);



INSERT INTO `projects` (`id`, `name`, `description`, `start_date`, `end_date`, `created_at`, `updated_at`) VALUES
(1, 'Quos', 'Voluptate reprehenderit cum soluta omnis temporibus hic laboriosam tenetur inventore nihil.', '2023-03-07 13:33:07', '2024-03-27 11:00:26', '2024-01-21 14:45:08', '2024-01-21 14:45:08');
INSERT INTO `projects` (`id`, `name`, `description`, `start_date`, `end_date`, `created_at`, `updated_at`) VALUES
(2, 'Id', 'Ipsam facere aut nesciunt quam est id enim maiores laboriosam quia.', '2023-01-27 10:49:32', '2024-01-31 20:01:48', '2024-01-21 14:45:08', '2024-01-21 14:45:08');
INSERT INTO `projects` (`id`, `name`, `description`, `start_date`, `end_date`, `created_at`, `updated_at`) VALUES
(3, 'Consequuntur', 'Ut doloribus dolor vitae illum placeat repellat qui.', '2023-04-11 13:12:00', '2024-04-24 09:50:50', '2024-01-21 14:45:08', '2024-01-21 14:45:08');
INSERT INTO `projects` (`id`, `name`, `description`, `start_date`, `end_date`, `created_at`, `updated_at`) VALUES
(4, 'Error', 'Pariatur consequatur sunt necessitatibus magnam sapiente ut.', '2023-12-14 18:53:17', '2024-05-01 20:22:46', '2024-01-21 14:45:08', '2024-01-21 14:45:08'),
(5, 'Odio', 'Velit recusandae numquam aperiam temporibus voluptas voluptates tenetur molestias quidem.', '2023-11-13 13:32:04', '2024-05-09 06:33:04', '2024-01-21 14:45:08', '2024-01-21 14:45:08'),
(6, 'Ut', 'Est veniam consectetur ad at dolores est vel vitae molestias suscipit ea aut voluptatibus.', '2023-05-01 01:30:04', '2024-04-28 03:04:20', '2024-01-21 14:45:08', '2024-01-21 14:45:08'),
(7, 'Commodi', 'Excepturi distinctio eveniet repellat rerum dolorem voluptatum.', '2023-06-07 16:53:45', '2024-03-17 11:19:49', '2024-01-21 14:45:08', '2024-01-21 14:45:08'),
(8, 'Et', 'Minima occaecati provident expedita numquam asperiores nesciunt.', '2023-12-17 02:27:36', '2024-08-03 03:42:34', '2024-01-21 14:45:08', '2024-01-21 14:45:08'),
(9, 'Doloribus', 'Omnis officiis quia placeat consequatur atque aut ab.', '2023-03-15 13:13:50', '2025-01-20 18:57:25', '2024-01-21 14:45:08', '2024-01-21 14:45:08'),
(10, 'Perspiciatis', 'Dolores non quia quis animi eum eum ea neque aut maxime atque.', '2023-03-24 02:13:11', '2024-04-29 06:55:10', '2024-01-21 14:45:08', '2024-01-21 14:45:08'),
(11, 'Et', 'Odio quia ipsum culpa voluptatum quaerat quia aliquid eos.', '2023-09-20 14:57:59', '2024-08-26 02:21:36', '2024-01-21 14:45:08', '2024-01-21 14:45:08'),
(12, 'Dolorem', 'Ut veritatis expedita sint qui ex iure ex.', '2023-04-08 16:23:36', '2024-10-13 01:16:13', '2024-01-21 14:45:08', '2024-01-21 14:45:08'),
(13, 'Qui', 'Sunt magnam qui in velit aspernatur excepturi at provident inventore harum optio illo.', '2024-01-08 12:23:17', '2024-10-19 09:36:55', '2024-01-21 14:45:08', '2024-01-21 14:45:08'),
(14, 'Perspiciatis', 'Libero magnam cum aliquid officia natus aliquam perspiciatis est laudantium rerum corporis est.', '2023-03-20 18:17:05', '2024-02-24 22:26:38', '2024-01-21 14:45:08', '2024-01-21 14:45:08'),
(15, 'Veritatis', 'Ut quis ut velit rerum voluptatem eum inventore ea.', '2023-04-20 10:00:10', '2024-12-21 12:05:53', '2024-01-21 14:45:08', '2024-01-21 14:45:08'),
(16, 'Qui', 'Expedita qui et assumenda exercitationem facilis architecto voluptas at non a provident numquam.', '2023-07-16 03:49:58', '2024-11-13 22:40:54', '2024-01-21 14:45:08', '2024-01-21 14:45:08'),
(17, 'Voluptate', 'Ratione totam ut est quis et qui velit.', '2023-03-03 19:29:23', '2024-05-10 16:03:30', '2024-01-21 14:45:08', '2024-01-21 14:45:08'),
(18, 'Et', 'Esse consequatur dignissimos at ipsam quae quo necessitatibus sit.', '2023-04-28 01:58:06', '2024-12-26 09:36:31', '2024-01-21 14:45:08', '2024-01-21 14:45:08'),
(19, 'Praesentium', 'Vero nam iure et veniam voluptas aliquam eveniet ab in rerum et commodi eius.', '2023-07-20 01:37:16', '2024-07-03 04:50:07', '2024-01-21 14:45:08', '2024-01-21 14:45:08'),
(20, 'Ea', 'Vel quibusdam voluptatibus qui dolorum impedit illum omnis.', '2023-10-15 07:20:34', '2024-07-04 09:08:15', '2024-01-21 14:45:08', '2024-01-21 14:45:08');

INSERT INTO `tasks` (`id`, `name`, `description`, `deadline`, `status`, `priority`, `project_id`, `created_at`, `updated_at`) VALUES
(1, 'Convoquer Jean Yves', 'Laravel version 1.0.0.0.2', '2024-02-18 12:49:03', 0, 2, 19, '2024-01-21 14:45:08', '2024-01-21 14:45:08');
INSERT INTO `tasks` (`id`, `name`, `description`, `deadline`, `status`, `priority`, `project_id`, `created_at`, `updated_at`) VALUES
(2, 'Installer Laravel', 'L\'application doit être terminée la semaine prochaine', '2024-04-13 06:39:13', 3, 1, 16, '2024-01-21 14:45:08', '2024-01-21 14:45:08');
INSERT INTO `tasks` (`id`, `name`, `description`, `deadline`, `status`, `priority`, `project_id`, `created_at`, `updated_at`) VALUES
(3, 'Installer Laravel', 'Laravel version 1.0.0.0.2', '2024-04-17 08:22:16', 3, 1, 4, '2024-01-21 14:45:08', '2024-01-21 14:45:08');
INSERT INTO `tasks` (`id`, `name`, `description`, `deadline`, `status`, `priority`, `project_id`, `created_at`, `updated_at`) VALUES
(4, 'Rédiger un plan d\'action', 'Les collaborateurs à prévenir sont : Jean Mich et Yves', '2024-02-21 16:36:55', 1, 0, 15, '2024-01-21 14:45:08', '2024-01-21 14:45:08'),
(5, 'Planifier la réunion avec les collaborateurs', 'Il faut que nous avançions plus vite', '2024-04-08 13:16:42', 3, 1, 13, '2024-01-21 14:45:08', '2024-01-21 14:45:08'),
(6, 'Convoquer Jean Yves', 'Il faudrait la convoquer la semaine prochaine', '2024-03-19 14:36:11', 2, 1, 13, '2024-01-21 14:45:08', '2024-01-21 14:45:08'),
(7, 'Planifier la réunion avec les collaborateurs', 'Il faudrait la convoquer la semaine prochaine', '2024-03-23 23:50:45', 1, 2, 19, '2024-01-21 14:45:08', '2024-01-21 14:45:08'),
(8, 'Installer Laravel', 'Il faut aussi préparer des arguments pour virer Jean Yves', '2024-01-30 10:20:19', 1, 1, 19, '2024-01-21 14:45:08', '2024-01-21 14:45:08'),
(9, 'Installer Laravel', 'Laravel version 1.0.0.0.2', '2024-04-21 03:12:25', 2, 0, 5, '2024-01-21 14:45:08', '2024-01-21 14:45:08'),
(10, 'Déployer l\'application', 'Il faudrait la convoquer la semaine prochaine', '2024-02-15 16:41:37', 1, 2, 19, '2024-01-21 14:45:08', '2024-01-21 14:45:08'),
(11, 'Rédiger un plan d\'action', 'Il faut que nous avançions plus vite', '2024-01-22 02:51:46', 0, 1, 9, '2024-01-21 14:45:08', '2024-01-21 14:45:08'),
(12, 'Installer Laravel', 'Il faut que nous avançions plus vite', '2024-04-01 22:38:05', 1, 0, 11, '2024-01-21 14:45:08', '2024-01-21 14:45:08'),
(13, 'Déployer l\'application', 'Il faut que nous avançions plus vite', '2024-03-02 16:08:02', 3, 0, 6, '2024-01-21 14:45:08', '2024-01-21 14:45:08'),
(14, 'Convoquer Jean Yves', 'Les collaborateurs à prévenir sont : Jean Mich et Yves', '2024-04-15 18:41:05', 0, 0, 1, '2024-01-21 14:45:08', '2024-01-21 14:45:08'),
(15, 'Planifier la réunion avec les collaborateurs', 'Laravel version 1.0.0.0.2', '2024-01-23 17:48:24', 1, 0, 5, '2024-01-21 14:45:08', '2024-01-21 14:45:08'),
(16, 'Déployer l\'application', 'Les collaborateurs à prévenir sont : Jean Mich et Yves', '2024-02-08 18:14:25', 0, 2, 7, '2024-01-21 14:45:08', '2024-01-21 14:45:08'),
(17, 'Déployer l\'application', 'Laravel version 1.0.0.0.2', '2024-03-22 12:17:57', 0, 0, 2, '2024-01-21 14:45:08', '2024-01-21 14:45:08'),
(18, 'Déployer l\'application', 'Il faut que nous avançions plus vite', '2024-02-03 05:35:36', 0, 2, 9, '2024-01-21 14:45:08', '2024-01-21 14:45:08'),
(19, 'Installer Laravel', 'Les collaborateurs à prévenir sont : Jean Mich et Yves', '2024-03-27 01:02:57', 2, 2, 15, '2024-01-21 14:45:08', '2024-01-21 14:45:08'),
(20, 'Rédiger un plan d\'action', 'Il faudrait la convoquer la semaine prochaine', '2024-03-20 11:29:45', 0, 2, 1, '2024-01-21 14:45:08', '2024-01-21 14:45:08'),
(21, 'Convoquer Jean Yves', 'Les collaborateurs à prévenir sont : Jean Mich et Yves', '2024-03-03 02:21:40', 2, 0, 2, '2024-01-21 14:45:08', '2024-01-21 14:45:08'),
(22, 'Convoquer Jean Yves', 'Il faudrait la convoquer la semaine prochaine', '2024-03-29 09:26:23', 0, 0, 17, '2024-01-21 14:45:08', '2024-01-21 14:45:08'),
(23, 'Convoquer Jean Yves', 'Il faut que nous avançions plus vite', '2024-04-18 13:53:30', 0, 1, 17, '2024-01-21 14:45:08', '2024-01-21 14:45:08'),
(24, 'Planifier la réunion avec les collaborateurs', 'Il faut que nous avançions plus vite', '2024-02-02 17:15:50', 3, 0, 12, '2024-01-21 14:45:08', '2024-01-21 14:45:08'),
(25, 'Convoquer Jean Yves', 'Les collaborateurs à prévenir sont : Jean Mich et Yves', '2024-04-20 14:21:25', 0, 0, 12, '2024-01-21 14:45:08', '2024-01-21 14:45:08'),
(26, 'Planifier la réunion avec les collaborateurs', 'Il faut aussi préparer des arguments pour virer Jean Yves', '2024-03-01 02:33:55', 1, 0, 3, '2024-01-21 14:45:08', '2024-01-21 14:45:08'),
(27, 'Installer Laravel', 'Il faut que nous avançions plus vite', '2024-03-21 18:49:28', 1, 0, 14, '2024-01-21 14:45:08', '2024-01-21 14:45:08'),
(28, 'Virer Camille du projet', 'Il faut que nous avançions plus vite', '2024-01-24 05:11:38', 2, 2, 9, '2024-01-21 14:45:08', '2024-01-21 14:45:08'),
(29, 'Virer Camille du projet', 'Laravel version 1.0.0.0.2', '2024-04-09 00:16:12', 1, 1, 3, '2024-01-21 14:45:08', '2024-01-21 14:45:08'),
(30, 'Installer Laravel', 'Les collaborateurs à prévenir sont : Jean Mich et Yves', '2024-02-09 04:18:58', 1, 1, 1, '2024-01-21 14:45:08', '2024-01-21 14:45:08'),
(31, 'Virer Camille du projet', 'Il faudrait la convoquer la semaine prochaine', '2024-03-31 15:44:53', 2, 2, 7, '2024-01-21 14:45:08', '2024-01-21 14:45:08'),
(32, 'Rédiger un plan d\'action', 'Les collaborateurs à prévenir sont : Jean Mich et Yves', '2024-01-25 20:38:12', 1, 0, 4, '2024-01-21 14:45:08', '2024-01-21 14:45:08'),
(33, 'Convoquer Jean Yves', 'Laravel version 1.0.0.0.2', '2024-04-06 00:07:08', 2, 0, 1, '2024-01-21 14:45:08', '2024-01-21 14:45:08'),
(34, 'Déployer l\'application', 'Il faut aussi préparer des arguments pour virer Jean Yves', '2024-02-09 18:57:32', 3, 0, 20, '2024-01-21 14:45:08', '2024-01-21 14:45:08'),
(35, 'Déployer l\'application', 'Il faudrait la convoquer la semaine prochaine', '2024-04-12 20:39:59', 1, 2, 16, '2024-01-21 14:45:08', '2024-01-21 14:45:08'),
(36, 'Installer Laravel', 'Laravel version 1.0.0.0.2', '2024-02-27 14:15:24', 2, 2, 1, '2024-01-21 14:45:08', '2024-01-21 14:45:08'),
(37, 'Virer Camille du projet', 'Les collaborateurs à prévenir sont : Jean Mich et Yves', '2024-04-16 11:00:41', 2, 1, 17, '2024-01-21 14:45:08', '2024-01-21 14:45:08'),
(38, 'Virer Camille du projet', 'Les collaborateurs à prévenir sont : Jean Mich et Yves', '2024-02-01 11:49:43', 0, 0, 15, '2024-01-21 14:45:08', '2024-01-21 14:45:08'),
(39, 'Virer Camille du projet', 'Il faut que nous avançions plus vite', '2024-04-06 19:57:29', 2, 0, 2, '2024-01-21 14:45:08', '2024-01-21 14:45:08'),
(40, 'Convoquer Jean Yves', 'Laravel version 1.0.0.0.2', '2024-02-08 07:26:16', 1, 2, 11, '2024-01-21 14:45:08', '2024-01-21 14:45:08'),
(41, 'Planifier la réunion avec les collaborateurs', 'Il faudrait la convoquer la semaine prochaine', '2024-03-30 00:26:23', 0, 0, 14, '2024-01-21 14:45:08', '2024-01-21 14:45:08'),
(42, 'Rédiger un plan d\'action', 'Les collaborateurs à prévenir sont : Jean Mich et Yves', '2024-03-16 17:40:52', 1, 2, 9, '2024-01-21 14:45:08', '2024-01-21 14:45:08'),
(43, 'Planifier la réunion avec les collaborateurs', 'Il faut aussi préparer des arguments pour virer Jean Yves', '2024-03-19 16:15:48', 0, 2, 3, '2024-01-21 14:45:08', '2024-01-21 14:45:08'),
(44, 'Virer Camille du projet', 'Il faut que nous avançions plus vite', '2024-04-19 18:02:54', 0, 2, 1, '2024-01-21 14:45:08', '2024-01-21 14:45:08'),
(45, 'Installer Laravel', 'Les collaborateurs à prévenir sont : Jean Mich et Yves', '2024-03-21 12:03:45', 2, 0, 19, '2024-01-21 14:45:08', '2024-01-21 14:45:08'),
(46, 'Planifier la réunion avec les collaborateurs', 'Les collaborateurs à prévenir sont : Jean Mich et Yves', '2024-03-17 11:48:59', 2, 0, 11, '2024-01-21 14:45:08', '2024-01-21 14:45:08'),
(47, 'Convoquer Jean Yves', 'Il faudrait la convoquer la semaine prochaine', '2024-04-17 13:20:57', 1, 2, 13, '2024-01-21 14:45:08', '2024-01-21 14:45:08'),
(48, 'Virer Camille du projet', 'Les collaborateurs à prévenir sont : Jean Mich et Yves', '2024-02-05 15:47:27', 2, 1, 20, '2024-01-21 14:45:08', '2024-01-21 14:45:08'),
(49, 'Installer Laravel', 'Il faut aussi préparer des arguments pour virer Jean Yves', '2024-02-05 04:57:22', 3, 1, 4, '2024-01-21 14:45:08', '2024-01-21 14:45:08'),
(50, 'Convoquer Jean Yves', 'Il faudrait la convoquer la semaine prochaine', '2024-04-03 08:23:36', 3, 0, 12, '2024-01-21 14:45:08', '2024-01-21 14:45:08'),
(51, 'Installer Laravel', 'Il faudrait la convoquer la semaine prochaine', '2024-02-19 05:36:32', 2, 1, 18, '2024-01-21 14:45:08', '2024-01-21 14:45:08'),
(52, 'Virer Camille du projet', 'Il faut aussi préparer des arguments pour virer Jean Yves', '2024-03-02 02:16:34', 3, 0, 4, '2024-01-21 14:45:08', '2024-01-21 14:45:08'),
(53, 'Rédiger un plan d\'action', 'Les collaborateurs à prévenir sont : Jean Mich et Yves', '2024-02-28 19:00:06', 0, 2, 10, '2024-01-21 14:45:08', '2024-01-21 14:45:08'),
(54, 'Déployer l\'application', 'L\'application doit être terminée la semaine prochaine', '2024-04-12 01:27:54', 2, 0, 17, '2024-01-21 14:45:08', '2024-01-21 14:45:08'),
(55, 'Installer Laravel', 'Les collaborateurs à prévenir sont : Jean Mich et Yves', '2024-03-17 14:31:00', 0, 0, 1, '2024-01-21 14:45:08', '2024-01-21 14:45:08'),
(56, 'Déployer l\'application', 'Laravel version 1.0.0.0.2', '2024-03-04 03:17:45', 0, 2, 20, '2024-01-21 14:45:08', '2024-01-21 14:45:08'),
(57, 'Installer Laravel', 'Les collaborateurs à prévenir sont : Jean Mich et Yves', '2024-04-17 10:02:39', 0, 0, 15, '2024-01-21 14:45:08', '2024-01-21 14:45:08'),
(58, 'Installer Laravel', 'Il faut que nous avançions plus vite', '2024-02-28 12:56:31', 3, 0, 14, '2024-01-21 14:45:08', '2024-01-21 14:45:08'),
(59, 'Déployer l\'application', 'Il faut que nous avançions plus vite', '2024-03-15 04:33:53', 0, 2, 7, '2024-01-21 14:45:08', '2024-01-21 14:45:08'),
(60, 'Déployer l\'application', 'Laravel version 1.0.0.0.2', '2024-04-03 16:17:53', 3, 2, 9, '2024-01-21 14:45:08', '2024-01-21 14:45:08'),
(61, 'Installer Laravel', 'Laravel version 1.0.0.0.2', '2024-01-28 15:56:37', 2, 1, 1, '2024-01-21 14:45:08', '2024-01-21 14:45:08'),
(62, 'Planifier la réunion avec les collaborateurs', 'Les collaborateurs à prévenir sont : Jean Mich et Yves', '2024-04-16 10:51:35', 3, 2, 12, '2024-01-21 14:45:08', '2024-01-21 14:45:08'),
(63, 'Virer Camille du projet', 'Il faudrait la convoquer la semaine prochaine', '2024-02-14 18:19:17', 0, 0, 18, '2024-01-21 14:45:08', '2024-01-21 14:45:08'),
(64, 'Planifier la réunion avec les collaborateurs', 'Il faut aussi préparer des arguments pour virer Jean Yves', '2024-01-22 03:21:18', 3, 2, 12, '2024-01-21 14:45:08', '2024-01-21 14:45:08'),
(65, 'Virer Camille du projet', 'L\'application doit être terminée la semaine prochaine', '2024-03-07 07:51:02', 0, 1, 18, '2024-01-21 14:45:08', '2024-01-21 14:45:08'),
(66, 'Convoquer Jean Yves', 'Il faut aussi préparer des arguments pour virer Jean Yves', '2024-03-20 14:05:50', 1, 2, 13, '2024-01-21 14:45:08', '2024-01-21 14:45:08'),
(67, 'Installer Laravel', 'L\'application doit être terminée la semaine prochaine', '2024-02-04 11:43:08', 3, 2, 20, '2024-01-21 14:45:08', '2024-01-21 14:45:08'),
(68, 'Virer Camille du projet', 'L\'application doit être terminée la semaine prochaine', '2024-04-06 06:47:08', 3, 0, 4, '2024-01-21 14:45:08', '2024-01-21 14:45:08'),
(69, 'Planifier la réunion avec les collaborateurs', 'L\'application doit être terminée la semaine prochaine', '2024-04-10 07:06:23', 2, 0, 15, '2024-01-21 14:45:08', '2024-01-21 14:45:08'),
(70, 'Convoquer Jean Yves', 'Les collaborateurs à prévenir sont : Jean Mich et Yves', '2024-04-11 02:03:31', 1, 0, 5, '2024-01-21 14:45:08', '2024-01-21 14:45:08'),
(71, 'Convoquer Jean Yves', 'Il faut aussi préparer des arguments pour virer Jean Yves', '2024-04-08 11:55:23', 1, 0, 2, '2024-01-21 14:45:08', '2024-01-21 14:45:08'),
(72, 'Déployer l\'application', 'L\'application doit être terminée la semaine prochaine', '2024-02-03 07:09:19', 0, 2, 19, '2024-01-21 14:45:08', '2024-01-21 14:45:08'),
(73, 'Virer Camille du projet', 'Il faut aussi préparer des arguments pour virer Jean Yves', '2024-03-09 08:13:55', 1, 1, 20, '2024-01-21 14:45:08', '2024-01-21 14:45:08'),
(74, 'Planifier la réunion avec les collaborateurs', 'L\'application doit être terminée la semaine prochaine', '2024-04-06 17:04:20', 1, 1, 11, '2024-01-21 14:45:08', '2024-01-21 14:45:08'),
(75, 'Déployer l\'application', 'Il faut aussi préparer des arguments pour virer Jean Yves', '2024-02-06 01:34:49', 2, 1, 6, '2024-01-21 14:45:08', '2024-01-21 14:45:08'),
(76, 'Planifier la réunion avec les collaborateurs', 'Les collaborateurs à prévenir sont : Jean Mich et Yves', '2024-03-26 15:35:14', 0, 2, 5, '2024-01-21 14:45:08', '2024-01-21 14:45:08'),
(77, 'Planifier la réunion avec les collaborateurs', 'L\'application doit être terminée la semaine prochaine', '2024-02-28 06:49:51', 2, 1, 10, '2024-01-21 14:45:08', '2024-01-21 14:45:08'),
(78, 'Installer Laravel', 'Il faudrait la convoquer la semaine prochaine', '2024-02-02 00:59:12', 3, 1, 11, '2024-01-21 14:45:08', '2024-01-21 14:45:08'),
(79, 'Planifier la réunion avec les collaborateurs', 'Laravel version 1.0.0.0.2', '2024-04-12 23:20:02', 3, 1, 17, '2024-01-21 14:45:08', '2024-01-21 14:45:08'),
(80, 'Installer Laravel', 'L\'application doit être terminée la semaine prochaine', '2024-04-11 14:28:47', 0, 0, 13, '2024-01-21 14:45:08', '2024-01-21 14:45:08'),
(81, 'Déployer l\'application', 'Laravel version 1.0.0.0.2', '2024-02-15 05:09:48', 3, 0, 12, '2024-01-21 14:45:08', '2024-01-21 14:45:08'),
(82, 'Virer Camille du projet', 'L\'application doit être terminée la semaine prochaine', '2024-03-15 13:27:18', 1, 1, 10, '2024-01-21 14:45:08', '2024-01-21 14:45:08'),
(83, 'Virer Camille du projet', 'Il faudrait la convoquer la semaine prochaine', '2024-03-11 22:50:33', 1, 1, 19, '2024-01-21 14:45:08', '2024-01-21 14:45:08'),
(84, 'Déployer l\'application', 'Il faut aussi préparer des arguments pour virer Jean Yves', '2024-01-27 22:07:50', 3, 0, 13, '2024-01-21 14:45:08', '2024-01-21 14:45:08'),
(85, 'Installer Laravel', 'Laravel version 1.0.0.0.2', '2024-02-12 03:42:01', 0, 1, 4, '2024-01-21 14:45:08', '2024-01-21 14:45:08'),
(86, 'Convoquer Jean Yves', 'Il faut aussi préparer des arguments pour virer Jean Yves', '2024-02-11 23:23:16', 0, 2, 11, '2024-01-21 14:45:08', '2024-01-21 14:45:08'),
(87, 'Rédiger un plan d\'action', 'Les collaborateurs à prévenir sont : Jean Mich et Yves', '2024-04-05 03:42:20', 3, 0, 10, '2024-01-21 14:45:08', '2024-01-21 14:45:08'),
(88, 'Rédiger un plan d\'action', 'Il faut aussi préparer des arguments pour virer Jean Yves', '2024-02-19 16:32:42', 2, 1, 3, '2024-01-21 14:45:08', '2024-01-21 14:45:08'),
(89, 'Installer Laravel', 'Laravel version 1.0.0.0.2', '2024-04-02 01:07:25', 0, 1, 1, '2024-01-21 14:45:08', '2024-01-21 14:45:08'),
(90, 'Installer Laravel', 'L\'application doit être terminée la semaine prochaine', '2024-01-22 17:12:16', 1, 0, 20, '2024-01-21 14:45:08', '2024-01-21 14:45:08'),
(91, 'Déployer l\'application', 'Il faut aussi préparer des arguments pour virer Jean Yves', '2024-03-11 04:25:10', 0, 0, 16, '2024-01-21 14:45:08', '2024-01-21 14:45:08'),
(92, 'Convoquer Jean Yves', 'Il faudrait la convoquer la semaine prochaine', '2024-03-14 11:26:24', 3, 2, 17, '2024-01-21 14:45:08', '2024-01-21 14:45:08'),
(93, 'Planifier la réunion avec les collaborateurs', 'L\'application doit être terminée la semaine prochaine', '2024-03-26 04:38:38', 2, 1, 20, '2024-01-21 14:45:08', '2024-01-21 14:45:08'),
(94, 'Rédiger un plan d\'action', 'Il faut aussi préparer des arguments pour virer Jean Yves', '2024-01-28 18:58:59', 2, 1, 6, '2024-01-21 14:45:08', '2024-01-21 14:45:08'),
(95, 'Virer Camille du projet', 'L\'application doit être terminée la semaine prochaine', '2024-02-09 02:52:21', 0, 2, 14, '2024-01-21 14:45:08', '2024-01-21 14:45:08'),
(96, 'Virer Camille du projet', 'Il faut que nous avançions plus vite', '2024-03-19 20:51:43', 1, 1, 15, '2024-01-21 14:45:08', '2024-01-21 14:45:08'),
(97, 'Rédiger un plan d\'action', 'Laravel version 1.0.0.0.2', '2024-03-14 04:05:55', 0, 0, 18, '2024-01-21 14:45:08', '2024-01-21 14:45:08'),
(98, 'Rédiger un plan d\'action', 'Il faut aussi préparer des arguments pour virer Jean Yves', '2024-01-30 10:47:33', 1, 0, 11, '2024-01-21 14:45:08', '2024-01-21 14:45:08'),
(99, 'Planifier la réunion avec les collaborateurs', 'Il faut aussi préparer des arguments pour virer Jean Yves', '2024-02-23 11:49:31', 2, 0, 15, '2024-01-21 14:45:08', '2024-01-21 14:45:08'),
(100, 'Virer Camille du projet', 'Laravel version 1.0.0.0.2', '2024-02-08 21:27:19', 3, 2, 6, '2024-01-21 14:45:08', '2024-01-21 14:45:08');

INSERT INTO `user_project` (`id`, `user_id`, `project_id`, `is_admin`, `created_at`, `updated_at`) VALUES
(1, 1, 11, 1, '2024-01-21 14:45:08', '2024-01-21 14:45:08');
INSERT INTO `user_project` (`id`, `user_id`, `project_id`, `is_admin`, `created_at`, `updated_at`) VALUES
(2, 1, 17, 1, '2024-01-21 14:45:08', '2024-01-21 14:45:08');
INSERT INTO `user_project` (`id`, `user_id`, `project_id`, `is_admin`, `created_at`, `updated_at`) VALUES
(3, 1, 19, 1, '2024-01-21 14:45:08', '2024-01-21 14:45:08');
INSERT INTO `user_project` (`id`, `user_id`, `project_id`, `is_admin`, `created_at`, `updated_at`) VALUES
(4, 22, 15, 0, '2024-01-21 14:45:08', '2024-01-21 14:45:08'),
(5, 37, 3, 1, '2024-01-21 14:45:08', '2024-01-21 14:45:08'),
(6, 29, 10, 1, '2024-01-21 14:45:08', '2024-01-21 14:45:08'),
(7, 33, 11, 1, '2024-01-21 14:45:08', '2024-01-21 14:45:08'),
(8, 47, 1, 1, '2024-01-21 14:45:08', '2024-01-21 14:45:08'),
(9, 11, 6, 0, '2024-01-21 14:45:08', '2024-01-21 14:45:08'),
(10, 23, 1, 0, '2024-01-21 14:45:08', '2024-01-21 14:45:08'),
(11, 51, 1, 0, '2024-01-21 14:45:08', '2024-01-21 14:45:08'),
(12, 25, 10, 0, '2024-01-21 14:45:08', '2024-01-21 14:45:08'),
(13, 38, 18, 1, '2024-01-21 14:45:08', '2024-01-21 14:45:08'),
(14, 6, 6, 1, '2024-01-21 14:45:08', '2024-01-21 14:45:08'),
(15, 23, 2, 0, '2024-01-21 14:45:08', '2024-01-21 14:45:08'),
(16, 40, 20, 1, '2024-01-21 14:45:08', '2024-01-21 14:45:08'),
(17, 10, 2, 0, '2024-01-21 14:45:08', '2024-01-21 14:45:08'),
(18, 34, 16, 1, '2024-01-21 14:45:08', '2024-01-21 14:45:08'),
(19, 38, 8, 0, '2024-01-21 14:45:08', '2024-01-21 14:45:08'),
(20, 48, 12, 0, '2024-01-21 14:45:08', '2024-01-21 14:45:08'),
(21, 11, 17, 0, '2024-01-21 14:45:08', '2024-01-21 14:45:08'),
(22, 29, 2, 0, '2024-01-21 14:45:08', '2024-01-21 14:45:08'),
(23, 46, 6, 1, '2024-01-21 14:45:08', '2024-01-21 14:45:08'),
(24, 36, 18, 0, '2024-01-21 14:45:08', '2024-01-21 14:45:08'),
(25, 39, 5, 1, '2024-01-21 14:45:08', '2024-01-21 14:45:08'),
(26, 7, 10, 1, '2024-01-21 14:45:08', '2024-01-21 14:45:08'),
(27, 32, 7, 0, '2024-01-21 14:45:08', '2024-01-21 14:45:08'),
(28, 49, 16, 0, '2024-01-21 14:45:08', '2024-01-21 14:45:08'),
(29, 25, 2, 0, '2024-01-21 14:45:08', '2024-01-21 14:45:08'),
(30, 19, 11, 1, '2024-01-21 14:45:08', '2024-01-21 14:45:08'),
(31, 35, 5, 1, '2024-01-21 14:45:08', '2024-01-21 14:45:08'),
(32, 9, 4, 1, '2024-01-21 14:45:08', '2024-01-21 14:45:08'),
(33, 50, 19, 1, '2024-01-21 14:45:08', '2024-01-21 14:45:08'),
(34, 18, 17, 0, '2024-01-21 14:45:08', '2024-01-21 14:45:08'),
(35, 32, 5, 1, '2024-01-21 14:45:08', '2024-01-21 14:45:08'),
(36, 31, 1, 1, '2024-01-21 14:45:08', '2024-01-21 14:45:08'),
(37, 20, 7, 1, '2024-01-21 14:45:08', '2024-01-21 14:45:08'),
(38, 44, 2, 0, '2024-01-21 14:45:08', '2024-01-21 14:45:08'),
(39, 5, 4, 1, '2024-01-21 14:45:08', '2024-01-21 14:45:08'),
(40, 18, 20, 0, '2024-01-21 14:45:08', '2024-01-21 14:45:08'),
(41, 5, 1, 1, '2024-01-21 14:45:08', '2024-01-21 14:45:08'),
(42, 1, 18, 0, '2024-01-21 14:45:08', '2024-01-21 14:45:08'),
(43, 31, 9, 0, '2024-01-21 14:45:08', '2024-01-21 14:45:08'),
(44, 45, 10, 0, '2024-01-21 14:45:08', '2024-01-21 14:45:08'),
(45, 25, 20, 1, '2024-01-21 14:45:08', '2024-01-21 14:45:08'),
(46, 45, 7, 0, '2024-01-21 14:45:08', '2024-01-21 14:45:08'),
(47, 12, 1, 1, '2024-01-21 14:45:08', '2024-01-21 14:45:08'),
(48, 8, 8, 0, '2024-01-21 14:45:08', '2024-01-21 14:45:08'),
(49, 35, 16, 0, '2024-01-21 14:45:08', '2024-01-21 14:45:08'),
(50, 11, 2, 1, '2024-01-21 14:45:08', '2024-01-21 14:45:08'),
(51, 35, 10, 0, '2024-01-21 14:45:08', '2024-01-21 14:45:08'),
(52, 43, 19, 0, '2024-01-21 14:45:08', '2024-01-21 14:45:08'),
(53, 5, 15, 0, '2024-01-21 14:45:08', '2024-01-21 14:45:08'),
(54, 33, 2, 0, '2024-01-21 14:45:08', '2024-01-21 14:45:08'),
(55, 13, 8, 1, '2024-01-21 14:45:08', '2024-01-21 14:45:08'),
(56, 14, 17, 0, '2024-01-21 14:45:08', '2024-01-21 14:45:08'),
(57, 27, 12, 1, '2024-01-21 14:45:08', '2024-01-21 14:45:08'),
(58, 40, 16, 0, '2024-01-21 14:45:08', '2024-01-21 14:45:08'),
(59, 3, 11, 1, '2024-01-21 14:45:08', '2024-01-21 14:45:08'),
(60, 10, 14, 1, '2024-01-21 14:45:08', '2024-01-21 14:45:08'),
(61, 22, 13, 1, '2024-01-21 14:45:08', '2024-01-21 14:45:08'),
(62, 26, 4, 1, '2024-01-21 14:45:08', '2024-01-21 14:45:08'),
(63, 27, 18, 0, '2024-01-21 14:45:08', '2024-01-21 14:45:08'),
(64, 37, 3, 1, '2024-01-21 14:45:08', '2024-01-21 14:45:08'),
(65, 32, 2, 1, '2024-01-21 14:45:08', '2024-01-21 14:45:08'),
(66, 36, 4, 0, '2024-01-21 14:45:08', '2024-01-21 14:45:08'),
(67, 48, 13, 1, '2024-01-21 14:45:08', '2024-01-21 14:45:08'),
(68, 15, 12, 0, '2024-01-21 14:45:08', '2024-01-21 14:45:08'),
(69, 34, 14, 0, '2024-01-21 14:45:08', '2024-01-21 14:45:08'),
(70, 50, 14, 0, '2024-01-21 14:45:08', '2024-01-21 14:45:08'),
(71, 38, 19, 1, '2024-01-21 14:45:08', '2024-01-21 14:45:08'),
(72, 51, 9, 1, '2024-01-21 14:45:08', '2024-01-21 14:45:08'),
(73, 26, 4, 0, '2024-01-21 14:45:08', '2024-01-21 14:45:08'),
(74, 4, 20, 0, '2024-01-21 14:45:08', '2024-01-21 14:45:08'),
(75, 5, 5, 1, '2024-01-21 14:45:08', '2024-01-21 14:45:08'),
(76, 9, 16, 1, '2024-01-21 14:45:08', '2024-01-21 14:45:08'),
(77, 2, 12, 0, '2024-01-21 14:45:08', '2024-01-21 14:45:08'),
(78, 32, 17, 1, '2024-01-21 14:45:08', '2024-01-21 14:45:08'),
(79, 51, 6, 1, '2024-01-21 14:45:08', '2024-01-21 14:45:08'),
(80, 4, 2, 0, '2024-01-21 14:45:08', '2024-01-21 14:45:08'),
(81, 44, 5, 1, '2024-01-21 14:45:08', '2024-01-21 14:45:08'),
(82, 29, 7, 0, '2024-01-21 14:45:08', '2024-01-21 14:45:08'),
(83, 11, 13, 1, '2024-01-21 14:45:08', '2024-01-21 14:45:08'),
(84, 25, 20, 1, '2024-01-21 14:45:08', '2024-01-21 14:45:08'),
(85, 11, 10, 1, '2024-01-21 14:45:08', '2024-01-21 14:45:08'),
(86, 6, 5, 0, '2024-01-21 14:45:08', '2024-01-21 14:45:08'),
(87, 13, 6, 0, '2024-01-21 14:45:08', '2024-01-21 14:45:08'),
(88, 2, 15, 1, '2024-01-21 14:45:08', '2024-01-21 14:45:08'),
(89, 14, 4, 0, '2024-01-21 14:45:08', '2024-01-21 14:45:08'),
(90, 31, 13, 1, '2024-01-21 14:45:08', '2024-01-21 14:45:08'),
(91, 7, 17, 1, '2024-01-21 14:45:08', '2024-01-21 14:45:08'),
(92, 26, 2, 1, '2024-01-21 14:45:08', '2024-01-21 14:45:08'),
(93, 31, 2, 1, '2024-01-21 14:45:08', '2024-01-21 14:45:08'),
(94, 27, 8, 1, '2024-01-21 14:45:08', '2024-01-21 14:45:08'),
(95, 3, 14, 0, '2024-01-21 14:45:08', '2024-01-21 14:45:08'),
(96, 10, 15, 0, '2024-01-21 14:45:08', '2024-01-21 14:45:08'),
(97, 13, 8, 1, '2024-01-21 14:45:08', '2024-01-21 14:45:08'),
(98, 17, 15, 1, '2024-01-21 14:45:08', '2024-01-21 14:45:08'),
(99, 7, 17, 1, '2024-01-21 14:45:08', '2024-01-21 14:45:08'),
(100, 5, 10, 1, '2024-01-21 14:45:08', '2024-01-21 14:45:08'),
(101, 39, 10, 1, '2024-01-21 14:45:08', '2024-01-21 14:45:08'),
(102, 28, 6, 1, '2024-01-21 14:45:08', '2024-01-21 14:45:08'),
(103, 21, 2, 1, '2024-01-21 14:45:08', '2024-01-21 14:45:08'),
(104, 16, 19, 1, '2024-01-21 14:45:08', '2024-01-21 14:45:08'),
(105, 25, 5, 0, '2024-01-21 14:45:08', '2024-01-21 14:45:08'),
(106, 46, 18, 0, '2024-01-21 14:45:08', '2024-01-21 14:45:08'),
(107, 19, 14, 0, '2024-01-21 14:45:08', '2024-01-21 14:45:08'),
(108, 2, 11, 1, '2024-01-21 14:45:08', '2024-01-21 14:45:08'),
(109, 24, 1, 1, '2024-01-21 14:45:08', '2024-01-21 14:45:08'),
(110, 12, 16, 1, '2024-01-21 14:45:08', '2024-01-21 14:45:08'),
(111, 13, 18, 0, '2024-01-21 14:45:08', '2024-01-21 14:45:08'),
(112, 40, 20, 0, '2024-01-21 14:45:08', '2024-01-21 14:45:08'),
(113, 24, 1, 1, '2024-01-21 14:45:08', '2024-01-21 14:45:08'),
(114, 6, 10, 1, '2024-01-21 14:45:08', '2024-01-21 14:45:08'),
(115, 27, 11, 0, '2024-01-21 14:45:08', '2024-01-21 14:45:08'),
(116, 1, 14, 1, '2024-01-21 14:45:08', '2024-01-21 14:45:08'),
(117, 39, 19, 1, '2024-01-21 14:45:08', '2024-01-21 14:45:08'),
(118, 21, 14, 0, '2024-01-21 14:45:08', '2024-01-21 14:45:08'),
(119, 21, 8, 1, '2024-01-21 14:45:08', '2024-01-21 14:45:08'),
(120, 12, 9, 0, '2024-01-21 14:45:08', '2024-01-21 14:45:08'),
(121, 34, 9, 0, '2024-01-21 14:45:08', '2024-01-21 14:45:08'),
(122, 47, 19, 1, '2024-01-21 14:45:08', '2024-01-21 14:45:08'),
(123, 16, 15, 1, '2024-01-21 14:45:08', '2024-01-21 14:45:08'),
(124, 38, 11, 1, '2024-01-21 14:45:08', '2024-01-21 14:45:08'),
(125, 48, 13, 0, '2024-01-21 14:45:08', '2024-01-21 14:45:08'),
(126, 12, 14, 0, '2024-01-21 14:45:08', '2024-01-21 14:45:08'),
(127, 28, 11, 1, '2024-01-21 14:45:08', '2024-01-21 14:45:08'),
(128, 12, 19, 0, '2024-01-21 14:45:08', '2024-01-21 14:45:08'),
(129, 35, 19, 1, '2024-01-21 14:45:08', '2024-01-21 14:45:08'),
(130, 47, 9, 1, '2024-01-21 14:45:08', '2024-01-21 14:45:08'),
(131, 47, 18, 0, '2024-01-21 14:45:08', '2024-01-21 14:45:08'),
(132, 39, 13, 0, '2024-01-21 14:45:08', '2024-01-21 14:45:08'),
(133, 3, 17, 1, '2024-01-21 14:45:08', '2024-01-21 14:45:08'),
(134, 1, 6, 1, '2024-01-21 14:45:08', '2024-01-21 14:45:08'),
(135, 50, 7, 1, '2024-01-21 14:45:08', '2024-01-21 14:45:08'),
(136, 39, 11, 1, '2024-01-21 14:45:08', '2024-01-21 14:45:08'),
(137, 19, 8, 1, '2024-01-21 14:45:08', '2024-01-21 14:45:08'),
(138, 7, 6, 1, '2024-01-21 14:45:08', '2024-01-21 14:45:08'),
(139, 34, 4, 1, '2024-01-21 14:45:08', '2024-01-21 14:45:08'),
(140, 32, 4, 0, '2024-01-21 14:45:08', '2024-01-21 14:45:08'),
(141, 1, 9, 1, '2024-01-21 14:45:08', '2024-01-21 14:45:08'),
(142, 41, 19, 0, '2024-01-21 14:45:08', '2024-01-21 14:45:08'),
(143, 13, 14, 0, '2024-01-21 14:45:08', '2024-01-21 14:45:08'),
(144, 20, 18, 1, '2024-01-21 14:45:08', '2024-01-21 14:45:08'),
(145, 31, 5, 1, '2024-01-21 14:45:08', '2024-01-21 14:45:08'),
(146, 7, 9, 1, '2024-01-21 14:45:08', '2024-01-21 14:45:08'),
(147, 4, 8, 0, '2024-01-21 14:45:08', '2024-01-21 14:45:08'),
(148, 7, 9, 0, '2024-01-21 14:45:08', '2024-01-21 14:45:08'),
(149, 24, 8, 1, '2024-01-21 14:45:08', '2024-01-21 14:45:08'),
(150, 2, 14, 1, '2024-01-21 14:45:08', '2024-01-21 14:45:08'),
(151, 2, 14, 0, '2024-01-21 14:45:08', '2024-01-21 14:45:08'),
(152, 18, 1, 0, '2024-01-21 14:45:08', '2024-01-21 14:45:08'),
(153, 33, 8, 0, '2024-01-21 14:45:08', '2024-01-21 14:45:08'),
(154, 2, 9, 1, '2024-01-21 14:45:08', '2024-01-21 14:45:08'),
(155, 36, 16, 1, '2024-01-21 14:45:08', '2024-01-21 14:45:08'),
(156, 32, 18, 1, '2024-01-21 14:45:08', '2024-01-21 14:45:08'),
(157, 48, 6, 1, '2024-01-21 14:45:08', '2024-01-21 14:45:08'),
(158, 37, 5, 0, '2024-01-21 14:45:08', '2024-01-21 14:45:08'),
(159, 40, 14, 0, '2024-01-21 14:45:08', '2024-01-21 14:45:08'),
(160, 31, 14, 0, '2024-01-21 14:45:08', '2024-01-21 14:45:08'),
(161, 10, 8, 0, '2024-01-21 14:45:08', '2024-01-21 14:45:08'),
(162, 5, 1, 1, '2024-01-21 14:45:08', '2024-01-21 14:45:08'),
(163, 49, 8, 1, '2024-01-21 14:45:08', '2024-01-21 14:45:08'),
(164, 43, 14, 1, '2024-01-21 14:45:08', '2024-01-21 14:45:08'),
(165, 17, 7, 1, '2024-01-21 14:45:08', '2024-01-21 14:45:08'),
(166, 7, 6, 0, '2024-01-21 14:45:08', '2024-01-21 14:45:08'),
(167, 16, 7, 0, '2024-01-21 14:45:08', '2024-01-21 14:45:08'),
(168, 13, 19, 1, '2024-01-21 14:45:08', '2024-01-21 14:45:08'),
(169, 4, 10, 0, '2024-01-21 14:45:08', '2024-01-21 14:45:08'),
(170, 26, 17, 1, '2024-01-21 14:45:08', '2024-01-21 14:45:08'),
(171, 45, 20, 0, '2024-01-21 14:45:08', '2024-01-21 14:45:08'),
(172, 28, 1, 0, '2024-01-21 14:45:08', '2024-01-21 14:45:08'),
(173, 37, 7, 1, '2024-01-21 14:45:08', '2024-01-21 14:45:08'),
(174, 46, 6, 1, '2024-01-21 14:45:08', '2024-01-21 14:45:08'),
(175, 44, 16, 0, '2024-01-21 14:45:08', '2024-01-21 14:45:08'),
(176, 21, 16, 1, '2024-01-21 14:45:08', '2024-01-21 14:45:08'),
(177, 2, 4, 0, '2024-01-21 14:45:08', '2024-01-21 14:45:08'),
(178, 25, 15, 0, '2024-01-21 14:45:08', '2024-01-21 14:45:08'),
(179, 39, 17, 0, '2024-01-21 14:45:08', '2024-01-21 14:45:08'),
(180, 27, 13, 1, '2024-01-21 14:45:08', '2024-01-21 14:45:08'),
(181, 35, 6, 1, '2024-01-21 14:45:08', '2024-01-21 14:45:08'),
(182, 40, 15, 0, '2024-01-21 14:45:08', '2024-01-21 14:45:08'),
(183, 7, 9, 1, '2024-01-21 14:45:08', '2024-01-21 14:45:08'),
(184, 42, 13, 1, '2024-01-21 14:45:08', '2024-01-21 14:45:08'),
(185, 3, 16, 1, '2024-01-21 14:45:08', '2024-01-21 14:45:08'),
(186, 24, 20, 0, '2024-01-21 14:45:08', '2024-01-21 14:45:08'),
(187, 32, 10, 0, '2024-01-21 14:45:08', '2024-01-21 14:45:08'),
(188, 19, 11, 0, '2024-01-21 14:45:08', '2024-01-21 14:45:08'),
(189, 50, 4, 1, '2024-01-21 14:45:08', '2024-01-21 14:45:08'),
(190, 25, 9, 0, '2024-01-21 14:45:08', '2024-01-21 14:45:08'),
(191, 23, 2, 0, '2024-01-21 14:45:08', '2024-01-21 14:45:08'),
(192, 46, 20, 0, '2024-01-21 14:45:08', '2024-01-21 14:45:08'),
(193, 17, 8, 0, '2024-01-21 14:45:08', '2024-01-21 14:45:08'),
(194, 11, 14, 1, '2024-01-21 14:45:08', '2024-01-21 14:45:08'),
(195, 42, 11, 0, '2024-01-21 14:45:08', '2024-01-21 14:45:08'),
(196, 9, 13, 0, '2024-01-21 14:45:08', '2024-01-21 14:45:08'),
(197, 21, 18, 1, '2024-01-21 14:45:08', '2024-01-21 14:45:08'),
(198, 29, 16, 0, '2024-01-21 14:45:08', '2024-01-21 14:45:08'),
(199, 21, 8, 0, '2024-01-21 14:45:08', '2024-01-21 14:45:08'),
(200, 18, 14, 0, '2024-01-21 14:45:08', '2024-01-21 14:45:08'),
(201, 15, 9, 0, '2024-01-21 14:45:08', '2024-01-21 14:45:08'),
(202, 28, 19, 1, '2024-01-21 14:45:08', '2024-01-21 14:45:08'),
(203, 14, 10, 1, '2024-01-21 14:45:08', '2024-01-21 14:45:08');

INSERT INTO `user_task` (`id`, `user_id`, `task_id`, `created_at`, `updated_at`) VALUES
(1, 15, 24, '2024-01-21 14:45:10', '2024-01-21 14:45:10');
INSERT INTO `user_task` (`id`, `user_id`, `task_id`, `created_at`, `updated_at`) VALUES
(2, 40, 16, '2024-01-21 14:45:10', '2024-01-21 14:45:10');
INSERT INTO `user_task` (`id`, `user_id`, `task_id`, `created_at`, `updated_at`) VALUES
(3, 20, 65, '2024-01-21 14:45:10', '2024-01-21 14:45:10');
INSERT INTO `user_task` (`id`, `user_id`, `task_id`, `created_at`, `updated_at`) VALUES
(4, 27, 13, '2024-01-21 14:45:10', '2024-01-21 14:45:10'),
(5, 37, 71, '2024-01-21 14:45:10', '2024-01-21 14:45:10'),
(6, 17, 55, '2024-01-21 14:45:10', '2024-01-21 14:45:10'),
(7, 10, 54, '2024-01-21 14:45:10', '2024-01-21 14:45:10'),
(8, 36, 39, '2024-01-21 14:45:10', '2024-01-21 14:45:10'),
(9, 13, 41, '2024-01-21 14:45:10', '2024-01-21 14:45:10'),
(10, 4, 84, '2024-01-21 14:45:10', '2024-01-21 14:45:10'),
(11, 8, 56, '2024-01-21 14:45:10', '2024-01-21 14:45:10'),
(12, 12, 53, '2024-01-21 14:45:10', '2024-01-21 14:45:10'),
(13, 50, 83, '2024-01-21 14:45:10', '2024-01-21 14:45:10'),
(14, 22, 21, '2024-01-21 14:45:10', '2024-01-21 14:45:10'),
(15, 46, 81, '2024-01-21 14:45:10', '2024-01-21 14:45:10'),
(16, 7, 82, '2024-01-21 14:45:10', '2024-01-21 14:45:10'),
(17, 14, 75, '2024-01-21 14:45:10', '2024-01-21 14:45:10'),
(18, 49, 91, '2024-01-21 14:45:10', '2024-01-21 14:45:10'),
(19, 45, 46, '2024-01-21 14:45:10', '2024-01-21 14:45:10'),
(20, 23, 81, '2024-01-21 14:45:10', '2024-01-21 14:45:10'),
(21, 34, 12, '2024-01-21 14:45:10', '2024-01-21 14:45:10'),
(22, 18, 89, '2024-01-21 14:45:10', '2024-01-21 14:45:10'),
(23, 30, 42, '2024-01-21 14:45:10', '2024-01-21 14:45:10'),
(24, 38, 85, '2024-01-21 14:45:10', '2024-01-21 14:45:10'),
(25, 48, 60, '2024-01-21 14:45:10', '2024-01-21 14:45:10'),
(26, 18, 75, '2024-01-21 14:45:10', '2024-01-21 14:45:10'),
(27, 48, 76, '2024-01-21 14:45:10', '2024-01-21 14:45:10'),
(28, 22, 49, '2024-01-21 14:45:10', '2024-01-21 14:45:10'),
(29, 50, 87, '2024-01-21 14:45:10', '2024-01-21 14:45:10'),
(30, 17, 33, '2024-01-21 14:45:10', '2024-01-21 14:45:10'),
(31, 2, 64, '2024-01-21 14:45:10', '2024-01-21 14:45:10'),
(32, 40, 93, '2024-01-21 14:45:10', '2024-01-21 14:45:10'),
(33, 3, 30, '2024-01-21 14:45:10', '2024-01-21 14:45:10'),
(34, 16, 61, '2024-01-21 14:45:10', '2024-01-21 14:45:10'),
(35, 25, 78, '2024-01-21 14:45:10', '2024-01-21 14:45:10'),
(36, 21, 89, '2024-01-21 14:45:10', '2024-01-21 14:45:10'),
(37, 20, 52, '2024-01-21 14:45:10', '2024-01-21 14:45:10'),
(38, 19, 3, '2024-01-21 14:45:10', '2024-01-21 14:45:10'),
(39, 20, 2, '2024-01-21 14:45:10', '2024-01-21 14:45:10'),
(40, 28, 90, '2024-01-21 14:45:10', '2024-01-21 14:45:10'),
(41, 25, 53, '2024-01-21 14:45:10', '2024-01-21 14:45:10'),
(42, 16, 29, '2024-01-21 14:45:10', '2024-01-21 14:45:10'),
(43, 15, 3, '2024-01-21 14:45:10', '2024-01-21 14:45:10'),
(44, 27, 58, '2024-01-21 14:45:10', '2024-01-21 14:45:10'),
(45, 24, 38, '2024-01-21 14:45:10', '2024-01-21 14:45:10'),
(46, 44, 71, '2024-01-21 14:45:10', '2024-01-21 14:45:10'),
(47, 17, 96, '2024-01-21 14:45:10', '2024-01-21 14:45:10'),
(48, 27, 95, '2024-01-21 14:45:10', '2024-01-21 14:45:10'),
(49, 25, 47, '2024-01-21 14:45:10', '2024-01-21 14:45:10'),
(50, 24, 54, '2024-01-21 14:45:10', '2024-01-21 14:45:10'),
(51, 7, 91, '2024-01-21 14:45:10', '2024-01-21 14:45:10'),
(52, 18, 56, '2024-01-21 14:45:10', '2024-01-21 14:45:10'),
(53, 11, 45, '2024-01-21 14:45:10', '2024-01-21 14:45:10'),
(54, 23, 24, '2024-01-21 14:45:10', '2024-01-21 14:45:10'),
(55, 39, 83, '2024-01-21 14:45:10', '2024-01-21 14:45:10'),
(56, 7, 65, '2024-01-21 14:45:10', '2024-01-21 14:45:10'),
(57, 28, 9, '2024-01-21 14:45:10', '2024-01-21 14:45:10'),
(58, 47, 57, '2024-01-21 14:45:10', '2024-01-21 14:45:10'),
(59, 7, 33, '2024-01-21 14:45:10', '2024-01-21 14:45:10'),
(60, 31, 68, '2024-01-21 14:45:10', '2024-01-21 14:45:10'),
(61, 13, 13, '2024-01-21 14:45:10', '2024-01-21 14:45:10'),
(62, 42, 22, '2024-01-21 14:45:10', '2024-01-21 14:45:10'),
(63, 22, 13, '2024-01-21 14:45:10', '2024-01-21 14:45:10'),
(64, 3, 42, '2024-01-21 14:45:10', '2024-01-21 14:45:10'),
(65, 16, 28, '2024-01-21 14:45:10', '2024-01-21 14:45:10'),
(66, 26, 76, '2024-01-21 14:45:10', '2024-01-21 14:45:10'),
(67, 46, 99, '2024-01-21 14:45:10', '2024-01-21 14:45:10'),
(68, 20, 31, '2024-01-21 14:45:10', '2024-01-21 14:45:10'),
(69, 43, 4, '2024-01-21 14:45:10', '2024-01-21 14:45:10'),
(70, 31, 52, '2024-01-21 14:45:10', '2024-01-21 14:45:10'),
(71, 48, 20, '2024-01-21 14:45:10', '2024-01-21 14:45:10'),
(72, 3, 48, '2024-01-21 14:45:10', '2024-01-21 14:45:10'),
(73, 29, 40, '2024-01-21 14:45:10', '2024-01-21 14:45:10'),
(74, 40, 98, '2024-01-21 14:45:10', '2024-01-21 14:45:10'),
(75, 1, 78, '2024-01-21 14:45:10', '2024-01-21 14:45:10'),
(76, 49, 54, '2024-01-21 14:45:10', '2024-01-21 14:45:10'),
(77, 48, 42, '2024-01-21 14:45:10', '2024-01-21 14:45:10'),
(78, 49, 55, '2024-01-21 14:45:10', '2024-01-21 14:45:10'),
(79, 43, 63, '2024-01-21 14:45:10', '2024-01-21 14:45:10'),
(80, 38, 1, '2024-01-21 14:45:10', '2024-01-21 14:45:10'),
(81, 48, 67, '2024-01-21 14:45:10', '2024-01-21 14:45:10'),
(82, 1, 12, '2024-01-21 14:45:10', '2024-01-21 14:45:10'),
(83, 49, 57, '2024-01-21 14:45:10', '2024-01-21 14:45:10'),
(84, 36, 71, '2024-01-21 14:45:10', '2024-01-21 14:45:10'),
(85, 38, 24, '2024-01-21 14:45:10', '2024-01-21 14:45:10'),
(86, 17, 5, '2024-01-21 14:45:10', '2024-01-21 14:45:10'),
(87, 35, 16, '2024-01-21 14:45:10', '2024-01-21 14:45:10'),
(88, 34, 18, '2024-01-21 14:45:10', '2024-01-21 14:45:10'),
(89, 49, 66, '2024-01-21 14:45:10', '2024-01-21 14:45:10'),
(90, 19, 4, '2024-01-21 14:45:10', '2024-01-21 14:45:10'),
(91, 50, 34, '2024-01-21 14:45:10', '2024-01-21 14:45:10'),
(92, 5, 49, '2024-01-21 14:45:10', '2024-01-21 14:45:10'),
(93, 34, 88, '2024-01-21 14:45:10', '2024-01-21 14:45:10'),
(94, 11, 56, '2024-01-21 14:45:10', '2024-01-21 14:45:10'),
(95, 33, 18, '2024-01-21 14:45:10', '2024-01-21 14:45:10'),
(96, 48, 33, '2024-01-21 14:45:10', '2024-01-21 14:45:10'),
(97, 18, 83, '2024-01-21 14:45:10', '2024-01-21 14:45:10'),
(98, 25, 2, '2024-01-21 14:45:10', '2024-01-21 14:45:10'),
(99, 6, 43, '2024-01-21 14:45:10', '2024-01-21 14:45:10'),
(100, 51, 97, '2024-01-21 14:45:10', '2024-01-21 14:45:10'),
(101, 45, 53, '2024-01-21 14:45:10', '2024-01-21 14:45:10'),
(102, 29, 80, '2024-01-21 14:45:10', '2024-01-21 14:45:10'),
(103, 1, 30, '2024-01-21 14:45:10', '2024-01-21 14:45:10'),
(104, 48, 17, '2024-01-21 14:45:10', '2024-01-21 14:45:10'),
(105, 37, 77, '2024-01-21 14:45:10', '2024-01-21 14:45:10'),
(106, 32, 92, '2024-01-21 14:45:10', '2024-01-21 14:45:10'),
(107, 51, 90, '2024-01-21 14:45:10', '2024-01-21 14:45:10'),
(108, 15, 42, '2024-01-21 14:45:10', '2024-01-21 14:45:10'),
(109, 35, 35, '2024-01-21 14:45:10', '2024-01-21 14:45:10'),
(110, 50, 8, '2024-01-21 14:45:10', '2024-01-21 14:45:10'),
(111, 51, 16, '2024-01-21 14:45:10', '2024-01-21 14:45:10'),
(112, 36, 85, '2024-01-21 14:45:10', '2024-01-21 14:45:10'),
(113, 14, 32, '2024-01-21 14:45:10', '2024-01-21 14:45:10'),
(114, 40, 21, '2024-01-21 14:45:10', '2024-01-21 14:45:10'),
(115, 25, 21, '2024-01-21 14:45:10', '2024-01-21 14:45:10'),
(116, 39, 86, '2024-01-21 14:45:10', '2024-01-21 14:45:10'),
(117, 43, 50, '2024-01-21 14:45:10', '2024-01-21 14:45:10'),
(118, 16, 78, '2024-01-21 14:45:10', '2024-01-21 14:45:10'),
(119, 33, 42, '2024-01-21 14:45:10', '2024-01-21 14:45:10'),
(120, 13, 19, '2024-01-21 14:45:10', '2024-01-21 14:45:10'),
(121, 22, 42, '2024-01-21 14:45:10', '2024-01-21 14:45:10'),
(122, 31, 85, '2024-01-21 14:45:10', '2024-01-21 14:45:10'),
(123, 41, 53, '2024-01-21 14:45:10', '2024-01-21 14:45:10'),
(124, 16, 48, '2024-01-21 14:45:10', '2024-01-21 14:45:10'),
(125, 21, 3, '2024-01-21 14:45:10', '2024-01-21 14:45:10'),
(126, 37, 29, '2024-01-21 14:45:10', '2024-01-21 14:45:10'),
(127, 31, 90, '2024-01-21 14:45:10', '2024-01-21 14:45:10'),
(128, 16, 4, '2024-01-21 14:45:10', '2024-01-21 14:45:10'),
(129, 28, 30, '2024-01-21 14:45:10', '2024-01-21 14:45:10'),
(130, 51, 15, '2024-01-21 14:45:10', '2024-01-21 14:45:10'),
(131, 32, 83, '2024-01-21 14:45:10', '2024-01-21 14:45:10'),
(132, 48, 1, '2024-01-21 14:45:10', '2024-01-21 14:45:10'),
(133, 2, 23, '2024-01-21 14:45:10', '2024-01-21 14:45:10'),
(134, 43, 48, '2024-01-21 14:45:10', '2024-01-21 14:45:10'),
(135, 27, 42, '2024-01-21 14:45:10', '2024-01-21 14:45:10'),
(136, 41, 22, '2024-01-21 14:45:10', '2024-01-21 14:45:10'),
(137, 8, 30, '2024-01-21 14:45:10', '2024-01-21 14:45:10'),
(138, 6, 57, '2024-01-21 14:45:10', '2024-01-21 14:45:10'),
(139, 2, 64, '2024-01-21 14:45:10', '2024-01-21 14:45:10'),
(140, 42, 91, '2024-01-21 14:45:10', '2024-01-21 14:45:10'),
(141, 9, 34, '2024-01-21 14:45:10', '2024-01-21 14:45:10'),
(142, 6, 74, '2024-01-21 14:45:10', '2024-01-21 14:45:10'),
(143, 37, 25, '2024-01-21 14:45:10', '2024-01-21 14:45:10'),
(144, 9, 89, '2024-01-21 14:45:10', '2024-01-21 14:45:10'),
(145, 30, 73, '2024-01-21 14:45:10', '2024-01-21 14:45:10'),
(146, 5, 99, '2024-01-21 14:45:10', '2024-01-21 14:45:10'),
(147, 25, 32, '2024-01-21 14:45:10', '2024-01-21 14:45:10'),
(148, 35, 38, '2024-01-21 14:45:10', '2024-01-21 14:45:10'),
(149, 6, 73, '2024-01-21 14:45:10', '2024-01-21 14:45:10'),
(150, 33, 79, '2024-01-21 14:45:10', '2024-01-21 14:45:10'),
(151, 31, 33, '2024-01-21 14:45:10', '2024-01-21 14:45:10'),
(152, 32, 25, '2024-01-21 14:45:10', '2024-01-21 14:45:10'),
(153, 3, 3, '2024-01-21 14:45:10', '2024-01-21 14:45:10'),
(154, 46, 34, '2024-01-21 14:45:10', '2024-01-21 14:45:10'),
(155, 20, 19, '2024-01-21 14:45:10', '2024-01-21 14:45:10'),
(156, 1, 32, '2024-01-21 14:45:10', '2024-01-21 14:45:10'),
(157, 44, 8, '2024-01-21 14:45:10', '2024-01-21 14:45:10'),
(158, 45, 96, '2024-01-21 14:45:10', '2024-01-21 14:45:10'),
(159, 11, 76, '2024-01-21 14:45:10', '2024-01-21 14:45:10'),
(160, 50, 34, '2024-01-21 14:45:10', '2024-01-21 14:45:10'),
(161, 20, 56, '2024-01-21 14:45:10', '2024-01-21 14:45:10'),
(162, 33, 99, '2024-01-21 14:45:10', '2024-01-21 14:45:10'),
(163, 4, 61, '2024-01-21 14:45:10', '2024-01-21 14:45:10'),
(164, 21, 65, '2024-01-21 14:45:10', '2024-01-21 14:45:10'),
(165, 26, 41, '2024-01-21 14:45:10', '2024-01-21 14:45:10'),
(166, 46, 15, '2024-01-21 14:45:10', '2024-01-21 14:45:10'),
(167, 41, 35, '2024-01-21 14:45:10', '2024-01-21 14:45:10'),
(168, 40, 67, '2024-01-21 14:45:10', '2024-01-21 14:45:10'),
(169, 9, 95, '2024-01-21 14:45:10', '2024-01-21 14:45:10'),
(170, 43, 54, '2024-01-21 14:45:10', '2024-01-21 14:45:10'),
(171, 15, 20, '2024-01-21 14:45:10', '2024-01-21 14:45:10'),
(172, 15, 50, '2024-01-21 14:45:10', '2024-01-21 14:45:10'),
(173, 24, 75, '2024-01-21 14:45:10', '2024-01-21 14:45:10'),
(174, 6, 94, '2024-01-21 14:45:10', '2024-01-21 14:45:10'),
(175, 34, 50, '2024-01-21 14:45:10', '2024-01-21 14:45:10'),
(176, 39, 17, '2024-01-21 14:45:10', '2024-01-21 14:45:10'),
(177, 34, 16, '2024-01-21 14:45:10', '2024-01-21 14:45:10'),
(178, 25, 46, '2024-01-21 14:45:10', '2024-01-21 14:45:10'),
(179, 11, 95, '2024-01-21 14:45:10', '2024-01-21 14:45:10'),
(180, 3, 35, '2024-01-21 14:45:10', '2024-01-21 14:45:10'),
(181, 36, 75, '2024-01-21 14:45:10', '2024-01-21 14:45:10'),
(182, 39, 96, '2024-01-21 14:45:10', '2024-01-21 14:45:10'),
(183, 13, 93, '2024-01-21 14:45:10', '2024-01-21 14:45:10'),
(184, 8, 79, '2024-01-21 14:45:10', '2024-01-21 14:45:10'),
(185, 34, 98, '2024-01-21 14:45:10', '2024-01-21 14:45:10'),
(186, 51, 58, '2024-01-21 14:45:10', '2024-01-21 14:45:10'),
(187, 13, 11, '2024-01-21 14:45:10', '2024-01-21 14:45:10'),
(188, 6, 20, '2024-01-21 14:45:10', '2024-01-21 14:45:10'),
(189, 38, 66, '2024-01-21 14:45:10', '2024-01-21 14:45:10'),
(190, 46, 77, '2024-01-21 14:45:10', '2024-01-21 14:45:10'),
(191, 17, 56, '2024-01-21 14:45:10', '2024-01-21 14:45:10'),
(192, 5, 79, '2024-01-21 14:45:10', '2024-01-21 14:45:10'),
(193, 7, 60, '2024-01-21 14:45:10', '2024-01-21 14:45:10'),
(194, 29, 91, '2024-01-21 14:45:10', '2024-01-21 14:45:10'),
(195, 40, 63, '2024-01-21 14:45:10', '2024-01-21 14:45:10'),
(196, 35, 23, '2024-01-21 14:45:10', '2024-01-21 14:45:10'),
(197, 26, 65, '2024-01-21 14:45:10', '2024-01-21 14:45:10'),
(198, 3, 76, '2024-01-21 14:45:10', '2024-01-21 14:45:10'),
(199, 17, 42, '2024-01-21 14:45:10', '2024-01-21 14:45:10'),
(200, 28, 79, '2024-01-21 14:45:10', '2024-01-21 14:45:10');

INSERT INTO `users` (`id`, `first_name`, `last_name`, `email`, `password`, `profile_photo_path`, `created_at`, `updated_at`) VALUES
(1, 'John', 'Doe', 'john.doe@maestro.com', 'Password1+', 'https://img.freepik.com/vecteurs-premium/illustration-conception-logo-icone-agent-secret_586739-409.jpg', '2024-01-21 14:45:08', '2024-01-21 14:45:08');
INSERT INTO `users` (`id`, `first_name`, `last_name`, `email`, `password`, `profile_photo_path`, `created_at`, `updated_at`) VALUES
(2, 'Jamel', 'Kulas', 'waters.palma@example.com', 'Password1+', 'https://via.placeholder.com/480x480.png/00cc88?text=people+unde', '2024-01-21 14:45:08', '2024-01-21 14:45:08');
INSERT INTO `users` (`id`, `first_name`, `last_name`, `email`, `password`, `profile_photo_path`, `created_at`, `updated_at`) VALUES
(3, 'Keagan', 'Morissette', 'smith.nettie@example.org', 'Password1+', 'https://via.placeholder.com/480x480.png/009977?text=people+at', '2024-01-21 14:45:08', '2024-01-21 14:45:08');
INSERT INTO `users` (`id`, `first_name`, `last_name`, `email`, `password`, `profile_photo_path`, `created_at`, `updated_at`) VALUES
(4, 'Rowan', 'Bruen', 'fdickinson@example.com', 'Password1+', 'https://via.placeholder.com/480x480.png/0077aa?text=people+officiis', '2024-01-21 14:45:08', '2024-01-21 14:45:08'),
(5, 'Vergie', 'Spencer', 'bdaugherty@example.net', 'Password1+', 'https://via.placeholder.com/480x480.png/002200?text=people+a', '2024-01-21 14:45:08', '2024-01-21 14:45:08'),
(6, 'Lina', 'Pacocha', 'gulgowski.edyth@example.org', 'Password1+', 'https://via.placeholder.com/480x480.png/00ff44?text=people+reiciendis', '2024-01-21 14:45:08', '2024-01-21 14:45:08'),
(7, 'Gerhard', 'Feil', 'ttillman@example.com', 'Password1+', 'https://via.placeholder.com/480x480.png/002299?text=people+sunt', '2024-01-21 14:45:08', '2024-01-21 14:45:08'),
(8, 'Isabel', 'Douglas', 'eerdman@example.com', 'Password1+', 'https://via.placeholder.com/480x480.png/0033ff?text=people+qui', '2024-01-21 14:45:08', '2024-01-21 14:45:08'),
(9, 'Kattie', 'Krajcik', 'llewellyn03@example.org', 'Password1+', 'https://via.placeholder.com/480x480.png/00ddff?text=people+et', '2024-01-21 14:45:08', '2024-01-21 14:45:08'),
(10, 'Trenton', 'Boyle', 'qwill@example.org', 'Password1+', 'https://via.placeholder.com/480x480.png/002222?text=people+ducimus', '2024-01-21 14:45:08', '2024-01-21 14:45:08'),
(11, 'Imogene', 'Romaguera', 'xtowne@example.net', 'Password1+', 'https://via.placeholder.com/480x480.png/00cc00?text=people+ipsum', '2024-01-21 14:45:08', '2024-01-21 14:45:08'),
(12, 'Ellsworth', 'Koch', 'lenny88@example.org', 'Password1+', 'https://via.placeholder.com/480x480.png/0033ee?text=people+nemo', '2024-01-21 14:45:08', '2024-01-21 14:45:08'),
(13, 'Cecile', 'Wyman', 'maggio.jovany@example.com', 'Password1+', 'https://via.placeholder.com/480x480.png/008811?text=people+sequi', '2024-01-21 14:45:08', '2024-01-21 14:45:08'),
(14, 'Green', 'Hayes', 'smitham.kamron@example.net', 'Password1+', 'https://via.placeholder.com/480x480.png/00ee44?text=people+consequuntur', '2024-01-21 14:45:08', '2024-01-21 14:45:08'),
(15, 'Maureen', 'Lindgren', 'cmacejkovic@example.com', 'Password1+', 'https://via.placeholder.com/480x480.png/003322?text=people+unde', '2024-01-21 14:45:08', '2024-01-21 14:45:08'),
(16, 'Erna', 'Lubowitz', 'considine.marta@example.com', 'Password1+', 'https://via.placeholder.com/480x480.png/0099ee?text=people+asperiores', '2024-01-21 14:45:08', '2024-01-21 14:45:08'),
(17, 'Zoey', 'Erdman', 'brannon88@example.net', 'Password1+', 'https://via.placeholder.com/480x480.png/0022bb?text=people+ut', '2024-01-21 14:45:08', '2024-01-21 14:45:08'),
(18, 'Blake', 'Hyatt', 'sigurd64@example.com', 'Password1+', 'https://via.placeholder.com/480x480.png/00ddff?text=people+ut', '2024-01-21 14:45:08', '2024-01-21 14:45:08'),
(19, 'Gerson', 'Corwin', 'laurine.legros@example.com', 'Password1+', 'https://via.placeholder.com/480x480.png/0066aa?text=people+quae', '2024-01-21 14:45:08', '2024-01-21 14:45:08'),
(20, 'Erik', 'Schmitt', 'lkohler@example.com', 'Password1+', 'https://via.placeholder.com/480x480.png/001100?text=people+quis', '2024-01-21 14:45:08', '2024-01-21 14:45:08'),
(21, 'Rosina', 'Huels', 'frami.gino@example.org', 'Password1+', 'https://via.placeholder.com/480x480.png/00ff44?text=people+in', '2024-01-21 14:45:08', '2024-01-21 14:45:08'),
(22, 'Coralie', 'Trantow', 'larson.yazmin@example.org', 'Password1+', 'https://via.placeholder.com/480x480.png/00cc99?text=people+veritatis', '2024-01-21 14:45:08', '2024-01-21 14:45:08'),
(23, 'Peter', 'Dickinson', 'bshields@example.org', 'Password1+', 'https://via.placeholder.com/480x480.png/0088cc?text=people+ut', '2024-01-21 14:45:08', '2024-01-21 14:45:08'),
(24, 'Ada', 'Morissette', 'lillie30@example.com', 'Password1+', 'https://via.placeholder.com/480x480.png/006677?text=people+aut', '2024-01-21 14:45:08', '2024-01-21 14:45:08'),
(25, 'Lelah', 'Johnston', 'vbailey@example.com', 'Password1+', 'https://via.placeholder.com/480x480.png/00dd11?text=people+accusantium', '2024-01-21 14:45:08', '2024-01-21 14:45:08'),
(26, 'Lance', 'Steuber', 'dean97@example.net', 'Password1+', 'https://via.placeholder.com/480x480.png/00aaaa?text=people+quo', '2024-01-21 14:45:08', '2024-01-21 14:45:08'),
(27, 'Brielle', 'Jaskolski', 'ona.olson@example.com', 'Password1+', 'https://via.placeholder.com/480x480.png/00cc00?text=people+repudiandae', '2024-01-21 14:45:08', '2024-01-21 14:45:08'),
(28, 'Stephanie', 'Shanahan', 'price.joannie@example.com', 'Password1+', 'https://via.placeholder.com/480x480.png/0077aa?text=people+quia', '2024-01-21 14:45:08', '2024-01-21 14:45:08'),
(29, 'Beau', 'Bosco', 'uhagenes@example.org', 'Password1+', 'https://via.placeholder.com/480x480.png/00ddbb?text=people+eaque', '2024-01-21 14:45:08', '2024-01-21 14:45:08'),
(30, 'Sid', 'Feest', 'khalil.jacobi@example.com', 'Password1+', 'https://via.placeholder.com/480x480.png/007777?text=people+molestias', '2024-01-21 14:45:08', '2024-01-21 14:45:08'),
(31, 'Linnea', 'Ebert', 'lorena59@example.com', 'Password1+', 'https://via.placeholder.com/480x480.png/007744?text=people+fugit', '2024-01-21 14:45:08', '2024-01-21 14:45:08'),
(32, 'Yesenia', 'Barton', 'fmann@example.org', 'Password1+', 'https://via.placeholder.com/480x480.png/0011ff?text=people+est', '2024-01-21 14:45:08', '2024-01-21 14:45:08'),
(33, 'Jakayla', 'Klein', 'goldner.benjamin@example.org', 'Password1+', 'https://via.placeholder.com/480x480.png/006677?text=people+praesentium', '2024-01-21 14:45:08', '2024-01-21 14:45:08'),
(34, 'Ramiro', 'Greenholt', 'zechariah.schmidt@example.org', 'Password1+', 'https://via.placeholder.com/480x480.png/00dd00?text=people+est', '2024-01-21 14:45:08', '2024-01-21 14:45:08'),
(35, 'Tina', 'Beahan', 'florida.bogan@example.com', 'Password1+', 'https://via.placeholder.com/480x480.png/003333?text=people+aliquam', '2024-01-21 14:45:08', '2024-01-21 14:45:08'),
(36, 'Travon', 'Cole', 'smith.keara@example.com', 'Password1+', 'https://via.placeholder.com/480x480.png/00bb33?text=people+a', '2024-01-21 14:45:08', '2024-01-21 14:45:08'),
(37, 'Joanny', 'Ward', 'zola.bauch@example.org', 'Password1+', 'https://via.placeholder.com/480x480.png/00cc66?text=people+at', '2024-01-21 14:45:08', '2024-01-21 14:45:08'),
(38, 'Lizzie', 'Welch', 'spencer.alene@example.com', 'Password1+', 'https://via.placeholder.com/480x480.png/00ddee?text=people+ratione', '2024-01-21 14:45:08', '2024-01-21 14:45:08'),
(39, 'Allene', 'Mayer', 'towne.eldon@example.org', 'Password1+', 'https://via.placeholder.com/480x480.png/006699?text=people+dolor', '2024-01-21 14:45:08', '2024-01-21 14:45:08'),
(40, 'Brianne', 'Hermann', 'hermiston.richmond@example.net', 'Password1+', 'https://via.placeholder.com/480x480.png/000077?text=people+mollitia', '2024-01-21 14:45:08', '2024-01-21 14:45:08'),
(41, 'Orland', 'Hodkiewicz', 'zjerde@example.net', 'Password1+', 'https://via.placeholder.com/480x480.png/005566?text=people+aut', '2024-01-21 14:45:08', '2024-01-21 14:45:08'),
(42, 'Rhoda', 'Jacobson', 'nettie.cole@example.net', 'Password1+', 'https://via.placeholder.com/480x480.png/000033?text=people+itaque', '2024-01-21 14:45:08', '2024-01-21 14:45:08'),
(43, 'Jessie', 'Predovic', 'flo.mcdermott@example.com', 'Password1+', 'https://via.placeholder.com/480x480.png/006677?text=people+eos', '2024-01-21 14:45:08', '2024-01-21 14:45:08'),
(44, 'Frankie', 'Harber', 'orn.kiarra@example.org', 'Password1+', 'https://via.placeholder.com/480x480.png/00cc44?text=people+assumenda', '2024-01-21 14:45:08', '2024-01-21 14:45:08'),
(45, 'Gabe', 'Funk', 'paolo.rogahn@example.org', 'Password1+', 'https://via.placeholder.com/480x480.png/00cc44?text=people+et', '2024-01-21 14:45:08', '2024-01-21 14:45:08'),
(46, 'Keon', 'Hane', 'sigmund.wilderman@example.org', 'Password1+', 'https://via.placeholder.com/480x480.png/0044ee?text=people+enim', '2024-01-21 14:45:08', '2024-01-21 14:45:08'),
(47, 'Keyon', 'Ward', 'heidenreich.gardner@example.net', 'Password1+', 'https://via.placeholder.com/480x480.png/006600?text=people+ut', '2024-01-21 14:45:08', '2024-01-21 14:45:08'),
(48, 'Ethyl', 'Huel', 'owen.bogan@example.com', 'Password1+', 'https://via.placeholder.com/480x480.png/00ddff?text=people+excepturi', '2024-01-21 14:45:08', '2024-01-21 14:45:08'),
(49, 'Anabelle', 'Hagenes', 'mosciski.fidel@example.com', 'Password1+', 'https://via.placeholder.com/480x480.png/00dd55?text=people+molestiae', '2024-01-21 14:45:08', '2024-01-21 14:45:08'),
(50, 'Telly', 'Russel', 'ublanda@example.org', 'Password1+', 'https://via.placeholder.com/480x480.png/009933?text=people+officia', '2024-01-21 14:45:08', '2024-01-21 14:45:08'),
(51, 'Laurianne', 'Renner', 'jane66@example.org', 'Password1+', 'https://via.placeholder.com/480x480.png/00ff33?text=people+minus', '2024-01-21 14:45:08', '2024-01-21 14:45:08');


Hello World
/*!40101 SET SQL_MODE=@OLD_SQL_MODE */;
/*!40014 SET FOREIGN_KEY_CHECKS=@OLD_FOREIGN_KEY_CHECKS */;
/*!40014 SET UNIQUE_CHECKS=@OLD_UNIQUE_CHECKS */;
/*!40101 SET CHARACTER_SET_CLIENT=@OLD_CHARACTER_SET_CLIENT */;
/*!40101 SET CHARACTER_SET_RESULTS=@OLD_CHARACTER_SET_RESULTS */;
/*!40101 SET COLLATION_CONNECTION=@OLD_COLLATION_CONNECTION */;
/*!40111 SET SQL_NOTES=@OLD_SQL_NOTES */;